timestamp,location_id,precip_1h,precip_24h,soil_moisture,temperature,elevation,slope,impervious_frac,land_use,flood_event,pred_prob
2025-09-24 00:00,Colombo_01,2.01,60.04,0.67,28.8,5.2,2.9,0.65,Urban,1,0.4584711059138115
2025-09-24 01:00,Colombo_01,5.71,81.51,0.48,29.1,9.3,2.6,0.79,Urban,1,0.5467348144640959
2025-09-24 02:00,Colombo_01,1.79,51.21,0.34,29.6,13.8,3.7,0.63,Urban,1,0.4297841359156765
2025-09-24 03:00,Colombo_01,14.39,45.45,0.3,26.8,8.0,2.5,0.62,Urban,1,0.671467747798093
2025-09-24 04:00,Colombo_01,3.79,39.54,0.4,27.6,5.9,2.1,0.72,Urban,0,0.48792424453662836
2025-09-24 05:00,Colombo_01,3.57,38.67,0.76,30.9,12.6,2.0,0.51,Urban,1,0.512652404621675
2025-09-24 06:00,Colombo_01,4.76,57.31,0.41,26.4,11.1,0.1,0.53,Urban,1,0.5696652990122218
2025-09-24 07:00,Colombo_01,9.3,60.17,0.79,30.8,10.7,1.7,0.67,Urban,1,0.6353657924955519
2025-09-24 08:00,Colombo_01,2.02,64.43,0.49,28.9,5.5,4.9,0.88,Urban,1,0.40493326073366787
2025-09-24 09:00,Colombo_01,5.09,57.9,0.31,30.3,6.4,4.4,0.79,Urban,0,0.47353388870948826
2025-09-24 10:00,Colombo_01,4.94,61.51,0.73,30.0,11.2,1.6,0.54,Urban,1,0.5580237957798948
2025-09-24 11:00,Colombo_01,6.78,81.27,0.48,26.5,7.1,2.9,0.84,Urban,0,0.5472155831998612
2025-09-24 12:00,Colombo_01,2.68,77.21,0.63,29.0,10.0,4.2,0.79,Urban,1,0.44962535576045115
2025-09-24 13:00,Colombo_01,6.43,76.29,0.79,31.1,10.4,2.2,0.74,Urban,1,0.5817888153442569
2025-09-24 14:00,Colombo_01,1.87,73.54,0.23,28.0,7.8,0.1,0.83,Urban,1,0.5221632764612959
2025-09-24 15:00,Colombo_01,0.25,68.16,0.26,31.8,14.5,0.4,0.66,Urban,1,0.501929589210763
2025-09-24 16:00,Colombo_01,0.69,40.83,0.63,28.2,13.4,2.6,0.59,Urban,0,0.43127971123743525
2025-09-24 17:00,Colombo_01,3.37,56.19,0.37,26.0,12.2,4.8,0.7,Urban,1,0.41999272872850824
2025-09-24 18:00,Colombo_01,6.21,62.76,0.31,27.7,5.8,3.5,0.72,Urban,1,0.5115541635672075
2025-09-24 19:00,Colombo_01,3.59,48.23,0.22,31.7,6.1,0.4,0.72,Urban,0,0.5449321558624126
2025-09-24 20:00,Colombo_01,3.78,84.55,0.21,27.2,9.9,0.9,0.73,Urban,1,0.5441546252018431
2025-09-24 21:00,Colombo_01,5.03,54.75,0.66,31.1,6.6,3.9,0.88,Urban,0,0.49192229886734756
2025-09-24 22:00,Colombo_01,4.83,39.93,0.28,31.2,14.8,4.2,0.86,Urban,0,0.46816581704843574
2025-09-24 23:00,Colombo_01,7.7,54.02,0.48,27.5,6.6,3.1,0.85,Urban,1,0.5449907119704533
2025-09-25 00:00,Colombo_01,2.23,64.77,0.56,25.6,9.9,3.2,0.82,Urban,0,0.44360027994615236
2025-09-25 01:00,Colombo_01,4.49,48.23,0.46,30.1,8.6,0.1,0.88,Urban,0,0.5668350059242304
2025-09-25 02:00,Colombo_01,8.95,57.14,0.22,27.2,11.4,4.1,0.54,Urban,0,0.546189299848699
2025-09-25 03:00,Colombo_01,4.48,40.11,0.67,30.5,6.3,3.9,0.61,Urban,1,0.47410014543849943
2025-09-25 04:00,Colombo_01,7.88,53.35,0.21,28.1,9.3,1.3,0.7,Urban,1,0.5932920981789978
2025-09-25 05:00,Colombo_01,2.31,59.21,0.66,28.4,7.7,3.5,0.84,Urban,1,0.4450197065662543
2025-09-25 06:00,Colombo_01,6.49,57.85,0.74,30.4,13.9,1.1,0.7,Urban,0,0.5971228705242743
2025-09-25 07:00,Colombo_01,6.53,70.41,0.46,27.7,5.4,0.2,0.8,Urban,0,0.6063951004873582
2025-09-25 08:00,Colombo_01,0.65,46.98,0.52,28.1,14.1,1.0,0.56,Urban,1,0.4730259490021778
2025-09-25 09:00,Colombo_01,4.11,63.91,0.49,27.6,13.3,0.9,0.6,Urban,0,0.5479952078454328
2025-09-25 10:00,Colombo_01,3.79,66.88,0.43,27.6,8.0,1.7,0.79,Urban,0,0.5166066779291096
2025-09-25 11:00,Colombo_01,5.99,50.19,0.73,28.7,12.9,2.1,0.57,Urban,0,0.5532089335816228
2025-09-25 12:00,Colombo_01,3.82,48.16,0.74,30.7,5.3,2.5,0.64,Urban,1,0.5036939835176995
2025-09-25 13:00,Colombo_01,15.88,84.71,0.4,27.5,14.7,2.4,0.61,Urban,1,0.7258875515153675
2025-09-25 14:00,Colombo_01,10.38,55.09,0.57,28.7,10.3,1.4,0.64,Urban,1,0.6467625601924769
2025-09-25 15:00,Colombo_01,5.1,64.59,0.76,29.7,8.0,0.1,0.78,Urban,0,0.5942117833687983
2025-09-25 16:00,Colombo_01,4.02,65.23,0.78,26.9,8.6,3.0,0.65,Urban,0,0.49391310542446615
2025-09-25 17:00,Colombo_01,1.17,42.26,0.51,26.9,5.7,2.0,0.72,Urban,0,0.4426912425417002
2025-09-25 18:00,Colombo_01,3.83,61.79,0.47,31.5,14.9,1.5,0.54,Urban,0,0.5423703692000219
2025-09-25 19:00,Colombo_01,3.6,61.08,0.37,30.1,5.4,4.3,0.82,Urban,1,0.44972286729459165
2025-09-25 20:00,Colombo_01,15.12,84.83,0.78,29.0,11.5,3.7,0.65,Urban,0,0.6962294662381653
2025-09-25 21:00,Colombo_01,4.88,61.07,0.29,29.5,9.4,4.3,0.76,Urban,0,0.4728402354726693
2025-09-25 22:00,Colombo_01,6.93,69.8,0.55,25.2,14.5,2.5,0.79,Urban,1,0.5538918639521663
2025-09-25 23:00,Colombo_01,2.04,70.45,0.37,29.3,7.5,0.7,0.58,Urban,1,0.5197567244146652
2025-09-26 00:00,Colombo_01,6.05,55.48,0.37,28.6,10.3,3.5,0.85,Urban,0,0.508762199507634
2025-09-26 01:00,Colombo_01,0.21,92.32,0.44,28.8,9.8,1.0,0.75,Urban,1,0.4900780016399224
2025-09-26 02:00,Colombo_01,7.81,49.57,0.8,27.5,12.0,2.2,0.67,Urban,1,0.5788356714278816
2025-09-26 03:00,Colombo_01,1.64,40.01,0.23,25.6,5.7,0.3,0.57,Urban,1,0.48473151324407776
2025-09-26 04:00,Colombo_01,1.19,35.85,0.55,26.4,6.9,4.1,0.88,Urban,0,0.3843725694759159
2025-09-26 05:00,Colombo_01,2.96,52.85,0.25,31.7,7.1,0.6,0.8,Urban,1,0.5309725808824985
2025-09-26 06:00,Colombo_01,5.87,38.41,0.29,27.9,12.4,4.5,0.58,Urban,0,0.4699673302481377
2025-09-26 07:00,Colombo_01,2.94,50.28,0.46,28.3,6.9,4.3,0.64,Urban,0,0.4292354786929858
2025-09-26 08:00,Colombo_01,1.34,59.05,0.51,25.4,10.7,2.3,0.82,Urban,1,0.44461233244304954
2025-09-26 09:00,Colombo_01,4.85,62.42,0.36,25.3,7.2,3.7,0.78,Urban,0,0.47238150286403646
2025-09-26 10:00,Colombo_01,1.67,54.14,0.39,30.0,13.6,3.1,0.81,Urban,0,0.4440189331523325
2025-09-26 11:00,Colombo_01,2.93,50.18,0.25,28.8,14.4,4.0,0.68,Urban,1,0.43742788771114516
2025-09-26 12:00,Colombo_01,1.87,52.69,0.38,28.6,10.2,2.2,0.79,Urban,0,0.4625111023086624
2025-09-26 13:00,Colombo_01,3.73,66.52,0.78,26.7,8.5,3.9,0.65,Urban,0,0.46566617067062516
2025-09-26 14:00,Colombo_01,3.05,46.23,0.77,30.2,7.3,2.3,0.58,Urban,1,0.4937757147356083
2025-09-26 15:00,Colombo_01,3.75,50.24,0.4,26.2,5.5,4.7,0.75,Urban,0,0.42270011943664937
2025-09-26 16:00,Colombo_01,15.35,63.5,0.54,26.3,7.7,2.4,0.89,Urban,1,0.6981900492062583
2025-09-26 17:00,Colombo_01,1.21,60.34,0.75,28.2,11.5,2.3,0.62,Urban,1,0.4620650974475594
2025-09-26 18:00,Colombo_01,8.36,39.56,0.2,27.0,10.3,3.9,0.68,Urban,1,0.5247658124780203
2025-09-26 19:00,Colombo_01,0.1,74.08,0.69,26.7,14.4,4.1,0.77,Urban,1,0.3980212935690478
2025-09-26 20:00,Colombo_01,1.12,53.0,0.77,29.5,9.0,2.8,0.72,Urban,0,0.4454112267605061
2025-09-26 21:00,Colombo_01,3.89,45.03,0.25,29.6,11.9,0.9,0.84,Urban,1,0.529681055295048
2025-09-26 22:00,Colombo_01,2.96,42.66,0.3,30.8,9.9,2.3,0.8,Urban,0,0.4802494607764923
2025-09-26 23:00,Colombo_01,4.89,74.33,0.78,27.9,10.1,4.8,0.52,Urban,0,0.47719757542182417
2025-09-27 00:00,Colombo_01,2.48,34.86,0.52,25.5,7.7,3.8,0.9,Urban,1,0.4105362177782549
2025-09-27 01:00,Colombo_01,3.16,64.73,0.21,26.9,9.5,4.1,0.8,Urban,1,0.4361654272604074
2025-09-27 02:00,Colombo_01,3.11,71.0,0.35,31.9,9.7,0.2,0.85,Urban,0,0.5590182653558834
2025-09-27 03:00,Colombo_01,3.41,53.97,0.47,29.2,12.1,2.3,0.76,Urban,0,0.4953436883059459
2025-09-27 04:00,Colombo_01,3.59,82.8,0.62,30.0,14.4,3.2,0.84,Urban,1,0.5008088420421193
2025-09-27 05:00,Colombo_01,3.01,46.81,0.64,25.1,8.3,4.2,0.54,Urban,0,0.4248047532058447
2025-09-27 06:00,Colombo_01,2.51,66.4,0.8,28.6,5.4,0.2,0.64,Urban,1,0.5426465374681027
2025-09-27 07:00,Colombo_01,2.78,60.5,0.37,25.3,10.0,4.3,0.85,Urban,0,0.4182239997058263
2025-09-27 08:00,Colombo_01,3.98,85.39,0.52,29.0,10.4,2.7,0.58,Urban,1,0.5187079474039322
2025-09-27 09:00,Colombo_01,4.03,55.34,0.52,31.4,6.7,1.0,0.53,Urban,0,0.5509504750088681
2025-09-27 10:00,Colombo_01,1.91,64.84,0.44,31.8,12.6,1.6,0.82,Urban,0,0.5006038975109492
2025-09-27 11:00,Colombo_01,1.45,60.42,0.3,28.8,14.8,1.4,0.83,Urban,0,0.4808861461556597
2025-09-27 12:00,Colombo_01,0.61,40.92,0.79,28.2,14.5,2.7,0.57,Urban,0,0.43148521860318734
2025-09-27 13:00,Colombo_01,10.28,57.08,0.71,31.6,7.0,0.3,0.84,Urban,1,0.6791909701290328
2025-09-27 14:00,Colombo_01,1.05,51.46,0.5,29.7,13.8,0.8,0.77,Urban,1,0.49068916431850207
2025-09-27 15:00,Colombo_01,1.64,60.51,0.56,25.5,12.0,4.1,0.71,Urban,1,0.4100911280263534
2025-09-27 16:00,Colombo_01,5.69,65.12,0.34,28.3,9.5,0.7,0.83,Urban,1,0.5769858384142987
2025-09-27 17:00,Colombo_01,0.85,78.71,0.53,26.7,10.4,1.2,0.67,Urban,0,0.4835986264420249
2025-09-27 18:00,Colombo_01,2.12,33.11,0.62,28.3,13.5,2.3,0.58,Urban,0,0.46078773468280954
2025-09-27 19:00,Colombo_01,6.52,59.01,0.51,28.2,9.8,2.6,0.61,Urban,0,0.5475822370908643
2025-09-27 20:00,Colombo_01,3.25,43.37,0.79,29.1,8.7,3.8,0.7,Urban,1,0.4527392731796176
2025-09-27 21:00,Colombo_01,12.57,66.61,0.57,27.5,9.9,2.2,0.71,Urban,0,0.6670592178489572
2025-09-27 22:00,Colombo_01,5.39,93.72,0.42,26.1,10.8,3.9,0.82,Urban,1,0.5034911130979316
2025-09-27 23:00,Colombo_01,0.99,54.65,0.66,28.5,6.9,3.1,0.82,Urban,0,0.4279172874191799
2025-09-28 00:00,Colombo_01,3.6,49.11,0.3,30.8,14.0,0.6,0.73,Urban,1,0.5429288328077104
2025-09-28 01:00,Colombo_01,0.65,52.93,0.43,29.6,11.7,0.8,0.81,Urban,0,0.48054830963048445
2025-09-28 02:00,Colombo_01,4.97,43.51,0.41,27.4,11.3,2.2,0.58,Urban,0,0.5147644363352119
2025-09-28 03:00,Colombo_01,2.26,30.0,0.46,31.5,6.0,2.0,0.52,Urban,1,0.47476743862658405
2025-09-28 04:00,Colombo_01,4.89,62.52,0.67,31.4,11.0,3.7,0.85,Urban,1,0.5036460245058122
2025-09-28 05:00,Colombo_01,9.51,58.39,0.49,26.5,6.2,2.9,0.53,Urban,0,0.5875217628692864
2025-09-28 06:00,Colombo_01,9.25,49.4,0.68,25.3,5.8,1.9,0.6,Urban,1,0.5997198407897
2025-09-28 07:00,Colombo_01,2.94,45.58,0.55,30.2,10.3,0.9,0.78,Urban,0,0.5207360201322881
2025-09-28 08:00,Colombo_01,5.88,70.87,0.41,30.8,9.0,1.1,0.66,Urban,1,0.5872722628850479
2025-09-28 09:00,Colombo_01,2.51,77.15,0.69,31.8,10.9,2.9,0.85,Urban,1,0.4906567183093463
2025-09-28 10:00,Colombo_01,3.87,60.77,0.34,31.2,5.9,2.1,0.62,Urban,1,0.5173783524855341
2025-09-28 11:00,Colombo_01,0.74,35.37,0.33,29.2,9.3,2.6,0.5,Urban,1,0.4256446958094424
2025-09-28 12:00,Colombo_01,1.67,56.55,0.5,28.7,6.7,0.9,0.62,Urban,0,0.49793881082129965
2025-09-28 13:00,Colombo_01,5.05,63.55,0.36,25.2,14.9,3.3,0.73,Urban,1,0.4915761722980128
2025-09-28 14:00,Colombo_01,0.55,55.13,0.21,26.7,10.6,4.3,0.65,Urban,1,0.379959406073192
2025-09-28 15:00,Colombo_01,3.59,56.58,0.59,28.2,11.9,1.3,0.71,Urban,1,0.5251922970518877
2025-09-28 16:00,Colombo_01,3.82,50.19,0.51,29.4,8.3,2.5,0.85,Urban,1,0.4936006675754865
2025-09-28 17:00,Colombo_01,5.16,55.41,0.47,28.9,5.9,4.9,0.86,Urban,1,0.4571669931040685
2025-09-28 18:00,Colombo_01,0.75,72.42,0.78,30.2,14.8,1.7,0.61,Urban,0,0.4866504869863746
2025-09-28 19:00,Colombo_01,0.6,61.59,0.54,27.0,7.9,3.0,0.68,Urban,0,0.42240459549165227
2025-09-28 20:00,Colombo_01,6.59,51.86,0.72,29.0,9.2,0.5,0.72,Urban,0,0.6015737698829831
2025-09-28 21:00,Colombo_01,3.82,55.16,0.28,25.6,11.5,3.0,0.88,Urban,1,0.4662631006100031
2025-09-28 22:00,Colombo_01,2.54,78.78,0.54,27.9,5.2,0.4,0.9,Urban,1,0.5340093508388399
2025-09-28 23:00,Colombo_01,0.71,45.79,0.72,30.3,13.1,4.8,0.59,Urban,0,0.39004677847030367
2025-09-29 00:00,Colombo_01,2.4,50.3,0.55,29.9,10.4,3.6,0.79,Urban,1,0.44404173212579034
2025-09-29 01:00,Colombo_01,1.24,56.55,0.63,31.9,7.8,3.9,0.65,Urban,0,0.4290257255608402
2025-09-29 02:00,Colombo_01,6.36,51.16,0.42,26.9,5.6,3.5,0.5,Urban,1,0.5094184651999957
2025-09-29 03:00,Colombo_01,0.96,77.87,0.26,28.5,6.6,2.9,0.5,Urban,0,0.4441211185150958
2025-09-29 04:00,Colombo_01,2.78,72.84,0.47,27.3,14.0,2.2,0.68,Urban,0,0.49346686358864156
2025-09-29 05:00,Colombo_01,5.92,56.26,0.44,28.1,11.9,4.3,0.7,Urban,1,0.4892958472947757
2025-09-29 06:00,Colombo_01,5.2,91.76,0.72,31.0,7.5,4.8,0.51,Urban,1,0.503746246244645
2025-09-29 07:00,Colombo_01,2.29,62.65,0.35,29.8,5.7,2.5,0.77,Urban,0,0.47112464023577877
2025-09-29 08:00,Colombo_01,5.25,81.51,0.78,31.2,11.9,4.7,0.62,Urban,1,0.5031070567169555
2025-09-29 09:00,Colombo_01,5.92,79.6,0.77,26.4,10.7,2.9,0.72,Urban,1,0.5394311384745021
2025-09-29 10:00,Colombo_01,3.69,64.69,0.35,31.1,9.0,2.7,0.62,Urban,1,0.5028038908721358
2025-09-29 11:00,Colombo_01,4.62,45.05,0.41,25.4,8.6,2.3,0.57,Urban,1,0.4977585072454749
2025-09-29 12:00,Colombo_01,2.81,59.77,0.74,31.2,7.2,1.0,0.66,Urban,0,0.5329692113873538
2025-09-29 13:00,Colombo_01,7.18,49.92,0.78,27.3,11.7,0.0,0.59,Urban,1,0.6212747479820461
2025-09-29 14:00,Colombo_01,3.13,66.32,0.47,27.2,14.7,1.2,0.71,Urban,1,0.5207018036198057
2025-09-29 15:00,Colombo_01,0.86,63.86,0.39,28.6,6.8,2.5,0.58,Urban,0,0.4450955152042099
2025-09-29 16:00,Colombo_01,4.8,61.95,0.52,31.6,11.0,1.9,0.7,Urban,0,0.5472707378920413
2025-09-29 17:00,Colombo_01,1.3,70.06,0.61,25.3,9.2,2.2,0.56,Urban,0,0.4585149189849443
2025-09-29 18:00,Colombo_01,7.84,63.23,0.36,27.5,9.5,4.9,0.77,Urban,0,0.5084003720541206
2025-09-29 19:00,Colombo_01,4.52,57.78,0.64,31.0,7.5,1.8,0.8,Urban,0,0.5385816362665276
2025-09-29 20:00,Colombo_01,0.42,44.24,0.23,27.8,13.3,2.3,0.54,Urban,0,0.427152039343517
2025-09-29 21:00,Colombo_01,6.11,51.01,0.23,26.4,9.9,0.7,0.69,Urban,0,0.5688024232523836
2025-09-29 22:00,Colombo_01,4.12,46.58,0.43,28.0,10.4,0.2,0.53,Urban,1,0.5544126987465517
2025-09-29 23:00,Colombo_01,5.54,71.06,0.41,27.7,8.0,3.9,0.74,Urban,0,0.49713209439039036
2025-09-30 00:00,Colombo_01,3.46,56.94,0.39,31.4,6.8,2.9,0.61,Urban,1,0.4892617543142645
2025-09-30 01:00,Colombo_01,7.59,62.01,0.49,30.3,5.9,3.8,0.71,Urban,1,0.5430945470427129
2025-09-30 02:00,Colombo_01,1.86,52.85,0.39,28.5,12.1,0.7,0.71,Urban,1,0.5026088622034761
2025-09-30 03:00,Colombo_01,6.32,75.01,0.32,31.9,7.0,2.9,0.87,Urban,0,0.5511301506787737
2025-09-30 04:00,Colombo_01,4.21,67.3,0.39,28.3,11.9,1.3,0.72,Urban,1,0.5399256318204092
2025-09-30 05:00,Colombo_01,0.6,60.32,0.78,25.4,8.9,1.1,0.73,Urban,0,0.4678594027132236
2025-09-30 06:00,Colombo_01,0.54,58.3,0.45,26.8,9.2,0.1,0.66,Urban,1,0.49060716046701874
2025-09-30 07:00,Colombo_01,2.62,48.78,0.47,28.1,9.7,0.7,0.88,Urban,0,0.5103527729952266
2025-09-30 08:00,Colombo_01,1.66,51.26,0.55,26.1,8.7,1.5,0.81,Urban,1,0.4682501114437282
2025-09-30 09:00,Colombo_01,0.42,40.94,0.79,31.6,6.0,0.6,0.61,Urban,0,0.48859045907453813
2025-09-30 10:00,Colombo_01,1.09,67.61,0.34,30.4,8.1,4.9,0.84,Urban,1,0.39460672727300344
2025-09-30 11:00,Colombo_01,2.92,69.0,0.61,26.9,11.6,1.5,0.67,Urban,0,0.5116036014948044
2025-09-30 12:00,Colombo_01,1.62,69.69,0.63,29.1,11.7,0.7,0.83,Urban,0,0.5141899281533967
2025-09-30 13:00,Colombo_01,13.56,47.25,0.56,30.1,7.9,1.0,0.83,Urban,1,0.7042135288819862
2025-09-30 14:00,Colombo_01,1.9,80.22,0.25,31.6,9.6,2.9,0.58,Urban,0,0.4750401314589904
2025-09-30 15:00,Colombo_01,7.35,54.68,0.61,31.2,6.9,0.3,0.78,Urban,1,0.6254111209612784
2025-09-30 16:00,Colombo_01,9.52,65.78,0.24,28.6,7.1,4.3,0.62,Urban,1,0.559481857193984
2025-09-30 17:00,Colombo_01,2.17,44.04,0.56,30.4,5.2,4.8,0.62,Urban,1,0.4079811301620934
2025-09-30 18:00,Colombo_01,2.01,75.89,0.64,28.9,14.0,1.2,0.62,Urban,1,0.5169219918392989
2025-09-30 19:00,Colombo_01,2.21,68.38,0.33,28.9,7.1,2.3,0.79,Urban,1,0.4750417630654854
2025-09-30 20:00,Colombo_01,2.92,55.2,0.7,25.8,7.3,0.1,0.59,Urban,1,0.5347383545479651
2025-09-30 21:00,Colombo_01,2.46,52.98,0.22,25.9,7.8,3.2,0.5,Urban,1,0.43843855450445063
2025-09-30 22:00,Colombo_01,1.13,68.0,0.71,28.7,6.3,2.1,0.79,Urban,0,0.46620244094330104
2025-09-30 23:00,Colombo_01,4.3,75.84,0.48,26.9,11.4,1.4,0.57,Urban,1,0.543308533561962
2025-10-01 00:00,Colombo_01,2.45,48.85,0.33,25.1,5.8,1.0,0.54,Urban,0,0.4886546494601579
2025-10-01 01:00,Colombo_01,13.88,57.71,0.28,30.1,6.3,3.3,0.6,Urban,0,0.6622637327463057
2025-10-01 02:00,Colombo_01,6.39,52.55,0.77,25.2,11.4,2.1,0.65,Urban,0,0.5477659808331566
2025-10-01 03:00,Colombo_01,2.48,76.68,0.24,29.2,8.4,0.9,0.69,Urban,0,0.522695915975509
2025-10-01 04:00,Colombo_01,5.08,51.4,0.32,28.8,12.1,3.4,0.52,Urban,0,0.49636961856144046
2025-10-01 05:00,Colombo_01,4.94,44.42,0.41,31.8,10.6,2.8,0.89,Urban,1,0.510931459100135
2025-10-01 06:00,Colombo_01,6.99,68.69,0.57,28.4,7.6,4.3,0.79,Urban,0,0.517621115656901
2025-10-01 07:00,Colombo_01,0.55,78.6,0.53,25.4,11.5,0.6,0.63,Urban,0,0.4894166259977902
2025-10-01 08:00,Colombo_01,1.03,67.78,0.28,28.9,6.2,3.9,0.63,Urban,0,0.41368631709409265
2025-10-01 09:00,Colombo_01,1.6,74.43,0.37,30.9,10.4,3.4,0.68,Urban,0,0.45165668977848356
2025-10-01 10:00,Colombo_01,3.31,90.16,0.34,32.0,9.4,0.6,0.75,Urban,1,0.566655331273681
2025-10-01 11:00,Colombo_01,1.55,83.52,0.33,28.0,7.7,3.5,0.56,Urban,1,0.442854435288878
2025-10-01 12:00,Colombo_01,8.05,85.56,0.45,27.2,11.0,2.2,0.58,Urban,0,0.5988395454064961
2025-10-01 13:00,Colombo_01,1.18,85.8,0.62,31.3,13.7,4.7,0.84,Urban,1,0.42445166036509463
2025-10-01 14:00,Colombo_01,3.99,52.69,0.33,26.3,15.0,0.7,0.6,Urban,0,0.5362411098178421
2025-10-01 15:00,Colombo_01,4.19,68.87,0.42,29.3,11.1,3.2,0.65,Urban,1,0.49748172102152044
2025-10-01 16:00,Colombo_01,4.49,61.14,0.43,27.8,9.0,1.9,0.85,Urban,1,0.5212641670974106
2025-10-01 17:00,Colombo_01,5.54,41.52,0.79,25.3,7.3,4.8,0.77,Urban,0,0.45287929733810994
2025-10-01 18:00,Colombo_01,6.67,60.9,0.77,27.4,7.6,1.6,0.64,Urban,0,0.5772189757769329
2025-10-01 19:00,Colombo_01,9.06,75.17,0.68,26.9,9.8,4.8,0.77,Urban,0,0.5460396852535454
2025-10-01 20:00,Colombo_01,2.47,66.61,0.34,29.8,8.7,4.5,0.51,Urban,1,0.43223019213317043
2025-10-01 21:00,Colombo_01,1.61,58.12,0.24,31.6,14.1,1.4,0.79,Urban,1,0.49205940948477267
2025-10-01 22:00,Colombo_01,4.53,50.73,0.39,26.9,8.7,4.0,0.69,Urban,1,0.46008341338443015
2025-10-01 23:00,Colombo_01,4.48,66.74,0.36,30.7,8.7,5.0,0.83,Urban,1,0.45582632559726854
2025-10-02 00:00,Colombo_01,5.92,56.89,0.5,25.4,8.8,1.3,0.88,Urban,1,0.5521858583372393
2025-10-02 01:00,Colombo_01,0.78,75.08,0.67,28.8,13.4,2.2,0.87,Urban,0,0.4638086691792699
2025-10-02 02:00,Colombo_01,5.68,74.53,0.71,25.5,11.5,2.6,0.86,Urban,0,0.5327865865514158
2025-10-02 03:00,Colombo_01,0.92,64.54,0.71,31.5,11.1,1.5,0.7,Urban,0,0.48984721981350804
2025-10-02 04:00,Colombo_01,4.07,46.42,0.42,30.4,8.3,0.1,0.64,Urban,0,0.5618357096053503
2025-10-02 05:00,Colombo_01,2.4,53.87,0.61,29.6,13.2,1.1,0.69,Urban,0,0.5128796632537709
2025-10-02 06:00,Colombo_01,7.53,86.68,0.39,30.8,5.4,1.4,0.78,Urban,1,0.6155577728578336
2025-10-02 07:00,Colombo_01,0.82,66.24,0.24,29.5,13.7,2.2,0.85,Urban,0,0.4531563883838234
2025-10-02 08:00,Colombo_01,3.81,78.54,0.62,31.8,10.1,0.9,0.58,Urban,0,0.5688791731493895
2025-10-02 09:00,Colombo_01,4.5,46.9,0.21,30.0,9.0,4.4,0.87,Urban,1,0.4522683243539805
2025-10-02 10:00,Colombo_01,2.48,109.83,0.45,31.5,10.0,3.5,0.83,Urban,1,0.49000974962561206
2025-10-02 11:00,Colombo_01,3.8,39.61,0.4,28.6,11.7,0.4,0.89,Urban,1,0.5354928843600223
2025-10-02 12:00,Colombo_01,2.24,66.46,0.62,25.8,5.1,3.3,0.85,Urban,1,0.4413208965759806
2025-10-02 13:00,Colombo_01,3.67,38.76,0.66,28.7,13.7,3.3,0.61,Urban,1,0.4701592593526116
2025-10-02 14:00,Colombo_01,4.37,75.08,0.38,25.9,9.5,4.8,0.54,Urban,0,0.451578322310189
2025-10-02 15:00,Colombo_01,2.15,48.9,0.69,29.1,8.4,0.0,0.54,Urban,1,0.5324082266169659
2025-10-02 16:00,Colombo_01,3.01,57.04,0.38,28.4,6.4,1.2,0.62,Urban,0,0.512079156552023
2025-10-02 17:00,Colombo_01,0.36,63.53,0.47,29.4,9.4,4.6,0.75,Urban,1,0.38720339977711815
2025-10-02 18:00,Colombo_01,2.39,70.28,0.64,25.1,10.0,4.7,0.82,Urban,0,0.4125574980718308
2025-10-02 19:00,Colombo_01,1.06,56.81,0.62,26.4,9.0,3.6,0.86,Urban,0,0.410103252238114
2025-10-02 20:00,Colombo_01,2.9,61.86,0.79,28.4,11.8,3.8,0.75,Urban,1,0.45643158397655353
2025-10-02 21:00,Colombo_01,7.15,62.92,0.34,31.7,9.2,0.5,0.5,Urban,1,0.624122122035396
2025-10-02 22:00,Colombo_01,7.99,60.0,0.6,27.7,14.6,2.6,0.57,Urban,1,0.5785428228566422
2025-10-02 23:00,Colombo_01,2.79,56.61,0.57,28.0,11.0,1.2,0.54,Urban,0,0.5137893887162426
2025-10-03 00:00,Colombo_01,1.16,52.78,0.75,30.0,13.1,0.9,0.65,Urban,1,0.49890433883261875
2025-10-03 01:00,Colombo_01,1.06,63.68,0.29,29.2,6.1,4.1,0.7,Urban,0,0.4068795478642512
2025-10-03 02:00,Colombo_01,6.23,63.2,0.65,27.1,9.0,0.7,0.52,Urban,1,0.5919544553094352
2025-10-03 03:00,Colombo_01,2.83,50.57,0.54,27.9,8.4,2.3,0.64,Urban,1,0.47865099894805546
2025-10-03 04:00,Colombo_01,3.53,56.67,0.36,26.5,10.7,4.7,0.57,Urban,0,0.42863062629592513
2025-10-03 05:00,Colombo_01,2.78,38.85,0.48,31.8,13.6,0.9,0.76,Urban,1,0.5200551469323903
2025-10-03 06:00,Colombo_01,4.82,55.98,0.4,25.9,5.8,4.9,0.69,Urban,1,0.4411400410744619
2025-10-03 07:00,Colombo_01,3.26,39.13,0.55,27.6,5.7,5.0,0.7,Urban,0,0.40831633080977897
2025-10-03 08:00,Colombo_01,5.51,53.05,0.73,25.2,13.5,2.8,0.67,Urban,1,0.5138707709171652
2025-10-03 09:00,Colombo_01,5.57,46.5,0.54,26.6,7.1,0.9,0.88,Urban,0,0.5534207882700478
2025-10-03 10:00,Colombo_01,1.44,49.44,0.58,30.5,11.7,1.6,0.59,Urban,1,0.4828199737871154
2025-10-03 11:00,Colombo_01,4.24,79.16,0.51,26.4,10.4,2.1,0.71,Urban,0,0.5225905780506865
2025-10-03 12:00,Colombo_01,7.71,45.11,0.23,25.6,13.3,1.5,0.79,Urban,1,0.5718300237111923
2025-10-03 13:00,Colombo_01,4.77,54.09,0.34,28.3,6.3,1.4,0.72,Urban,1,0.5352655031856178
2025-10-03 14:00,Colombo_01,4.4,63.53,0.5,25.1,6.3,4.9,0.87,Urban,0,0.4346789367918447
2025-10-03 15:00,Colombo_01,1.74,36.98,0.39,25.6,10.6,0.8,0.65,Urban,1,0.4765664795548156
2025-10-03 16:00,Colombo_01,1.76,57.03,0.31,30.7,14.5,3.7,0.69,Urban,0,0.43589780351996765
2025-10-03 17:00,Colombo_01,3.3,62.2,0.5,30.4,9.1,0.0,0.54,Urban,1,0.5638652044082222
2025-10-03 18:00,Colombo_01,1.95,45.96,0.39,31.4,8.3,3.0,0.74,Urban,0,0.4500051211432574
2025-10-03 19:00,Colombo_01,6.62,41.99,0.35,31.0,11.1,4.6,0.62,Urban,0,0.495524787356936
2025-10-03 20:00,Colombo_01,2.91,70.02,0.48,29.8,14.3,1.4,0.56,Urban,0,0.5261689010128943
2025-10-03 21:00,Colombo_01,1.85,37.3,0.28,25.4,13.4,0.9,0.72,Urban,1,0.4736716240188865
2025-10-03 22:00,Colombo_01,6.74,53.91,0.76,30.5,15.0,3.3,0.71,Urban,0,0.5456734759767438
2025-10-03 23:00,Colombo_01,1.23,44.59,0.72,30.9,5.2,3.6,0.53,Urban,0,0.42724385907363505
2025-10-04 00:00,Colombo_01,3.27,33.19,0.62,30.6,6.1,3.4,0.78,Urban,0,0.4561207707807516
2025-10-04 01:00,Colombo_01,2.07,75.34,0.26,28.6,11.1,1.6,0.75,Urban,0,0.49494487496381356
2025-10-04 02:00,Colombo_01,14.18,68.54,0.67,26.6,13.2,1.3,0.58,Urban,1,0.7155696832164669
2025-10-04 03:00,Colombo_01,3.28,76.83,0.68,30.9,7.9,4.8,0.69,Urban,1,0.4541004641744856
2025-10-04 04:00,Colombo_01,1.54,60.84,0.66,30.1,7.4,4.6,0.79,Urban,0,0.41146370361663664
2025-10-04 05:00,Colombo_01,3.43,44.6,0.27,31.9,12.9,2.3,0.71,Urban,0,0.4969705276995215
2025-10-04 06:00,Colombo_01,2.89,52.6,0.59,26.1,5.6,4.2,0.66,Urban,0,0.4257200963537207
2025-10-04 07:00,Colombo_01,1.78,24.9,0.7,26.6,8.7,2.3,0.63,Urban,0,0.44101347658765383
2025-10-04 08:00,Colombo_01,6.59,41.54,0.55,26.5,10.1,2.1,0.74,Urban,0,0.5426445304678412
2025-10-04 09:00,Colombo_01,5.22,55.44,0.59,30.5,10.6,0.8,0.88,Urban,0,0.572649076713006
2025-10-04 10:00,Colombo_01,4.1,74.17,0.48,26.3,12.3,2.1,0.77,Urban,0,0.5157601505844285
2025-10-04 11:00,Colombo_01,1.67,52.7,0.52,25.5,8.5,2.7,0.53,Urban,1,0.4406035189011234
2025-10-04 12:00,Colombo_01,10.54,63.71,0.22,32.0,11.1,0.1,0.68,Urban,1,0.6883036031923455
2025-10-04 13:00,Colombo_01,4.35,62.55,0.58,25.2,10.9,2.2,0.86,Urban,1,0.5059970759726905
2025-10-04 14:00,Colombo_01,2.05,43.83,0.25,30.8,10.5,3.9,0.54,Urban,0,0.4271993800120589
2025-10-04 15:00,Colombo_01,7.01,44.07,0.46,27.6,11.4,3.4,0.9,Urban,0,0.519722043507581
2025-10-04 16:00,Colombo_01,3.64,68.23,0.38,30.9,7.6,3.2,0.88,Urban,1,0.4864140286954668
2025-10-04 17:00,Colombo_01,6.44,47.91,0.53,28.9,5.8,4.5,0.53,Urban,1,0.49286985747129525
2025-10-04 18:00,Colombo_01,4.48,64.51,0.28,31.3,6.2,0.1,0.87,Urban,1,0.5768335188745073
2025-10-04 19:00,Colombo_01,12.74,47.72,0.61,31.5,7.2,2.8,0.65,Urban,0,0.6591243402857013
2025-10-04 20:00,Colombo_01,1.32,49.99,0.68,25.1,10.0,3.9,0.84,Urban,1,0.40041315927477195
2025-10-04 21:00,Colombo_01,2.14,64.21,0.3,25.5,13.4,2.7,0.67,Urban,0,0.4527098757670304
2025-10-04 22:00,Colombo_01,18.35,56.5,0.26,26.8,12.0,1.6,0.68,Urban,0,0.7567179038623733
2025-10-04 23:00,Colombo_01,3.09,54.46,0.29,29.7,12.9,0.7,0.75,Urban,0,0.5290697082968404
2025-10-05 00:00,Colombo_01,1.19,46.72,0.73,31.2,8.5,4.4,0.81,Urban,0,0.40676504459396756
2025-10-05 01:00,Colombo_01,5.01,60.56,0.52,28.2,9.0,2.4,0.51,Urban,1,0.5267663283562658
2025-10-05 02:00,Colombo_01,7.02,48.46,0.48,29.2,8.9,4.4,0.74,Urban,1,0.5050949847715738
2025-10-05 03:00,Colombo_01,3.06,66.19,0.26,26.3,6.9,2.9,0.57,Urban,0,0.46647746379708527
2025-10-05 04:00,Colombo_01,0.47,46.92,0.59,30.6,5.6,3.4,0.64,Urban,1,0.4145210183073476
2025-10-05 05:00,Colombo_01,1.51,54.33,0.72,31.8,10.9,4.0,0.64,Urban,0,0.4333197046337201
2025-10-05 06:00,Colombo_01,0.71,66.46,0.7,26.9,14.9,3.3,0.69,Urban,0,0.42644572103387157
2025-10-05 07:00,Colombo_01,11.63,63.03,0.58,28.5,6.7,2.0,0.63,Urban,0,0.6568779673030203
2025-10-05 08:00,Colombo_01,0.64,64.13,0.25,25.6,5.5,2.6,0.54,Urban,1,0.424611040525713
2025-10-05 09:00,Colombo_01,2.06,57.13,0.27,28.9,12.8,4.0,0.56,Urban,0,0.4276467974888681
2025-10-05 10:00,Colombo_01,4.91,44.61,0.23,28.5,7.5,1.9,0.51,Urban,1,0.521539129414841
2025-10-05 11:00,Colombo_01,1.03,70.73,0.35,26.0,13.3,1.9,0.69,Urban,0,0.45893170234805064
2025-10-05 12:00,Colombo_01,4.48,58.64,0.28,28.1,12.0,0.5,0.88,Urban,0,0.5540111988189175
2025-10-05 13:00,Colombo_01,1.86,50.69,0.36,27.3,14.5,4.6,0.55,Urban,1,0.4020271888964317
2025-10-05 14:00,Colombo_01,4.24,49.78,0.43,28.7,9.1,0.5,0.88,Urban,0,0.5475672424667447
2025-10-05 15:00,Colombo_01,2.64,82.8,0.77,29.1,11.6,3.2,0.79,Urban,1,0.48190072163880204
2025-10-05 16:00,Colombo_01,2.94,56.3,0.57,25.1,9.6,2.1,0.75,Urban,1,0.4784092939686214
2025-10-05 17:00,Colombo_01,6.9,42.25,0.7,30.3,11.3,2.0,0.76,Urban,1,0.5689955625508045
2025-10-05 18:00,Colombo_01,1.15,76.0,0.63,30.0,9.5,3.4,0.83,Urban,0,0.44334308246045895
2025-10-05 19:00,Colombo_01,4.23,54.27,0.27,27.6,6.9,0.3,0.54,Urban,0,0.5521570085271971
2025-10-05 20:00,Colombo_01,5.88,51.38,0.64,25.4,10.1,3.0,0.7,Urban,0,0.5112640226433776
2025-10-05 21:00,Colombo_01,1.04,45.43,0.37,30.3,10.3,3.9,0.78,Urban,1,0.4064475712953705
2025-10-05 22:00,Colombo_01,0.71,59.28,0.58,31.7,13.1,4.1,0.73,Urban,0,0.4158570510011403
2025-10-05 23:00,Colombo_01,2.68,71.6,0.4,26.7,12.4,0.9,0.83,Urban,0,0.5168266634883908
2025-10-06 00:00,Colombo_01,4.03,59.75,0.8,27.3,11.6,4.5,0.53,Urban,0,0.4579514124012774
2025-10-06 01:00,Colombo_01,5.31,52.45,0.36,26.3,6.1,3.3,0.78,Urban,1,0.48786040529182695
2025-10-06 02:00,Colombo_01,0.88,40.66,0.37,29.0,12.2,4.4,0.71,Urban,1,0.3857426615020558
2025-10-06 03:00,Colombo_01,6.03,55.08,0.76,26.1,10.0,2.4,0.65,Urban,1,0.537564146972022
2025-10-06 04:00,Colombo_01,7.59,62.38,0.21,27.5,13.9,2.7,0.64,Urban,1,0.560127475547467
2025-10-06 05:00,Colombo_01,4.36,47.89,0.62,29.9,14.2,4.6,0.75,Urban,0,0.4579083501533262
2025-10-06 06:00,Colombo_01,7.94,76.78,0.64,28.9,5.6,4.5,0.86,Urban,0,0.5367950446945124
2025-10-06 07:00,Colombo_01,2.56,52.75,0.7,27.7,13.2,2.2,0.7,Urban,0,0.48167510373166594
2025-10-06 08:00,Colombo_01,2.1,63.43,0.78,27.9,5.4,1.4,0.83,Urban,1,0.49647401845351036
2025-10-06 09:00,Colombo_01,3.01,53.26,0.79,28.9,8.7,2.0,0.66,Urban,0,0.5001889050437881
2025-10-06 10:00,Colombo_01,1.31,69.45,0.24,25.0,10.4,1.9,0.54,Urban,0,0.4581543748272564
2025-10-06 11:00,Colombo_01,2.03,60.53,0.69,25.5,6.5,1.4,0.52,Urban,0,0.48784622598093746
2025-10-06 12:00,Colombo_01,3.36,81.85,0.59,31.2,12.5,1.3,0.52,Urban,1,0.5520167772202799
2025-10-06 13:00,Colombo_01,3.71,60.85,0.59,25.5,5.1,4.3,0.65,Urban,0,0.4413385460239677
2025-10-06 14:00,Colombo_01,4.64,65.98,0.28,29.9,6.7,0.3,0.63,Urban,0,0.5745690826320489
2025-10-06 15:00,Colombo_01,0.32,61.64,0.59,31.4,10.8,3.4,0.79,Urban,0,0.42449896160593603
2025-10-06 16:00,Colombo_01,18.13,44.74,0.79,26.9,12.1,0.9,0.8,Urban,1,0.767841891485606
2025-10-06 17:00,Colombo_01,1.45,75.61,0.75,27.6,14.2,1.7,0.52,Urban,1,0.4925280755003223
2025-10-06 18:00,Colombo_01,5.29,63.52,0.46,29.0,12.1,0.3,0.59,Urban,0,0.5886174251289127
2025-10-06 19:00,Colombo_01,4.1,66.38,0.22,31.2,11.7,1.3,0.61,Urban,1,0.5463929762819818
2025-10-06 20:00,Colombo_01,1.92,73.19,0.42,31.6,8.9,3.8,0.72,Urban,1,0.44896835545871855
2025-10-06 21:00,Colombo_01,4.96,73.92,0.7,30.2,5.0,4.4,0.56,Urban,1,0.49212073041958815
2025-10-06 22:00,Colombo_01,1.48,45.67,0.62,25.6,6.2,1.1,0.55,Urban,1,0.473713856489047
2025-10-06 23:00,Colombo_01,3.25,43.56,0.48,29.7,10.3,2.3,0.88,Urban,1,0.48473812237454833
2025-10-07 00:00,Colombo_01,11.64,48.75,0.23,27.9,11.8,2.4,0.82,Urban,1,0.6301766331823597
2025-10-07 01:00,Colombo_01,2.3,43.87,0.46,28.3,9.2,4.4,0.57,Urban,1,0.4132192359631398
2025-10-07 02:00,Colombo_01,3.51,52.98,0.48,25.3,12.3,3.8,0.66,Urban,0,0.44575555396596384
2025-10-07 03:00,Colombo_01,1.25,44.93,0.76,26.3,10.2,2.6,0.64,Urban,0,0.4373244541645203
2025-10-07 04:00,Colombo_01,5.37,45.59,0.58,30.5,5.7,3.4,0.82,Urban,0,0.5015834264306277
2025-10-07 05:00,Colombo_01,1.71,63.06,0.39,28.2,6.9,4.2,0.7,Urban,0,0.41459000749435776
2025-10-07 06:00,Colombo_01,4.16,39.67,0.52,27.1,13.4,0.0,0.55,Urban,1,0.5554276207495665
2025-10-07 07:00,Colombo_01,6.66,59.13,0.24,27.7,12.2,2.0,0.8,Urban,0,0.556245533314444
2025-10-07 08:00,Colombo_01,2.72,70.67,0.78,31.0,13.9,4.5,0.66,Urban,0,0.4532958738517251
2025-10-07 09:00,Colombo_01,5.01,70.54,0.42,30.2,6.2,3.7,0.61,Urban,0,0.5027297040933542
2025-10-07 10:00,Colombo_01,4.34,66.86,0.49,26.9,14.9,2.7,0.65,Urban,0,0.5060486503691187
2025-10-07 11:00,Colombo_01,6.83,68.8,0.41,25.8,7.1,2.6,0.7,Urban,1,0.5457728696931395
2025-10-07 12:00,Colombo_01,5.03,67.86,0.61,26.8,5.1,1.7,0.64,Urban,1,0.5419916827968743
2025-10-07 13:00,Colombo_01,7.9,45.35,0.6,31.4,15.0,2.6,0.6,Urban,1,0.5809917477768933
2025-10-07 14:00,Colombo_01,2.7,55.48,0.63,29.1,7.8,3.3,0.66,Urban,0,0.45984556098166346
2025-10-07 15:00,Colombo_01,1.0,67.26,0.36,28.7,11.7,2.1,0.51,Urban,0,0.463480328400383
2025-10-07 16:00,Colombo_01,0.64,52.57,0.39,29.2,6.8,3.6,0.81,Urban,1,0.4051403632176525
2025-10-07 17:00,Colombo_01,0.72,52.68,0.28,27.6,10.8,4.3,0.57,Urban,0,0.387377896088865
2025-10-07 18:00,Colombo_01,2.61,62.1,0.59,30.6,14.0,0.8,0.52,Urban,1,0.5363286284386818
2025-10-07 19:00,Colombo_01,3.79,84.84,0.22,28.7,8.2,2.3,0.76,Urban,0,0.5135764255605592
2025-10-07 20:00,Colombo_01,1.83,70.0,0.56,25.8,11.7,2.0,0.81,Urban,1,0.4716742125292856
2025-10-07 21:00,Colombo_01,1.86,39.92,0.72,25.9,6.9,3.4,0.83,Urban,1,0.4184340937087127
2025-10-07 22:00,Colombo_01,2.29,60.65,0.73,28.8,11.2,1.2,0.7,Urban,0,0.5108996972600778
2025-10-07 23:00,Colombo_01,3.28,46.57,0.47,31.6,8.4,3.2,0.58,Urban,0,0.475220828057145
2025-10-08 00:00,Colombo_01,8.63,71.08,0.48,27.2,7.1,4.4,0.79,Urban,1,0.5407404046474346
2025-10-08 01:00,Colombo_01,0.49,77.26,0.25,31.1,8.1,2.1,0.78,Urban,1,0.4610519211774818
2025-10-08 02:00,Colombo_01,5.42,88.22,0.6,30.3,6.8,4.6,0.6,Urban,1,0.5037067325280908
2025-10-08 03:00,Colombo_01,5.05,70.44,0.69,26.7,14.0,5.0,0.86,Urban,1,0.4628624689334245
2025-10-08 04:00,Colombo_01,2.72,65.43,0.35,25.3,9.0,0.5,0.54,Urban,0,0.5201754891826965
2025-10-08 05:00,Colombo_01,4.45,66.0,0.45,25.7,7.5,1.2,0.89,Urban,0,0.5324345081258172
2025-10-08 06:00,Colombo_01,2.87,46.35,0.7,30.1,9.5,4.8,0.84,Urban,0,0.42274448369950157
2025-10-08 07:00,Colombo_01,4.97,57.72,0.73,26.4,8.2,4.8,0.78,Urban,0,0.45600821454530405
2025-10-08 08:00,Colombo_01,1.55,61.0,0.35,27.6,12.4,0.5,0.88,Urban,0,0.5003893604665989
2025-10-08 09:00,Colombo_01,1.38,50.41,0.53,28.5,14.7,0.1,0.79,Urban,0,0.5102165740944613
2025-10-08 10:00,Colombo_01,0.43,64.81,0.32,30.1,9.4,0.8,0.58,Urban,1,0.48627544362711805
2025-10-08 11:00,Colombo_01,4.47,91.24,0.26,25.8,13.6,5.0,0.68,Urban,1,0.4560309904833843
2025-10-08 12:00,Colombo_01,2.01,38.7,0.75,27.8,10.7,0.9,0.53,Urban,0,0.49794991737117406
2025-10-08 13:00,Colombo_01,0.69,67.09,0.69,28.4,6.6,2.5,0.66,Urban,1,0.4479912905240786
2025-10-08 14:00,Colombo_01,1.4,58.13,0.66,28.8,11.9,4.2,0.8,Urban,0,0.41444032644101003
2025-10-08 15:00,Colombo_01,4.97,65.2,0.23,30.7,10.1,0.1,0.65,Urban,0,0.5884873694328899
2025-10-08 16:00,Colombo_01,3.77,60.74,0.71,26.2,11.5,3.0,0.63,Urban,1,0.484051336391488
2025-10-08 17:00,Colombo_01,1.45,55.08,0.46,30.7,13.9,1.4,0.74,Urban,0,0.4888512519645458
2025-10-08 18:00,Colombo_01,8.4,42.09,0.41,29.9,9.4,4.3,0.85,Urban,0,0.5291268179242374
2025-10-08 19:00,Colombo_01,3.14,68.12,0.53,28.9,14.0,1.4,0.52,Urban,0,0.5273348341787347
2025-10-08 20:00,Colombo_01,4.71,64.9,0.25,29.9,12.5,3.4,0.65,Urban,0,0.4991228288951224
2025-10-08 21:00,Colombo_01,3.71,64.96,0.65,27.9,9.9,3.4,0.56,Urban,0,0.4810166033728053
2025-10-08 22:00,Colombo_01,2.65,75.72,0.55,26.0,11.0,1.1,0.78,Urban,0,0.5143497047520071
2025-10-08 23:00,Colombo_01,4.48,52.37,0.31,29.7,8.3,0.2,0.54,Urban,0,0.5674905851472197
2025-10-09 00:00,Colombo_01,7.27,58.1,0.31,28.7,14.8,2.0,0.77,Urban,0,0.5738587258883294
2025-10-09 01:00,Colombo_01,2.62,48.38,0.31,29.5,11.7,1.4,0.61,Urban,1,0.4997366109593198
2025-10-09 02:00,Colombo_01,5.66,51.91,0.23,27.4,5.4,4.0,0.58,Urban,0,0.48064925624401084
2025-10-09 03:00,Colombo_01,1.83,43.33,0.55,31.3,8.3,4.0,0.87,Urban,0,0.42190824987941866
2025-10-09 04:00,Colombo_01,10.58,49.08,0.7,29.1,11.2,2.3,0.51,Urban,0,0.6317379010171447
2025-10-09 05:00,Colombo_01,1.62,33.97,0.21,25.6,5.6,3.0,0.68,Urban,0,0.41051710470873093
2025-10-09 06:00,Colombo_01,13.0,63.59,0.23,28.1,5.2,3.0,0.51,Urban,1,0.6506633533192994
2025-10-09 07:00,Colombo_01,1.05,89.06,0.54,30.3,9.5,4.1,0.69,Urban,0,0.4339023476240504
2025-10-09 08:00,Colombo_01,2.5,45.01,0.69,30.6,8.3,2.1,0.7,Urban,0,0.4862050336355452
2025-10-09 09:00,Colombo_01,4.65,54.94,0.4,28.5,9.4,1.4,0.63,Urban,1,0.5386440987662886
2025-10-09 10:00,Colombo_01,7.6,85.03,0.41,31.3,7.6,1.3,0.55,Urban,0,0.6249380750488679
2025-10-09 11:00,Colombo_01,9.53,65.89,0.56,26.9,6.6,2.7,0.65,Urban,1,0.5987388619170433
2025-10-09 12:00,Colombo_01,8.7,62.62,0.36,27.9,11.9,2.2,0.77,Urban,0,0.5944675932763767
2025-10-09 13:00,Colombo_01,4.52,47.74,0.22,31.3,10.1,2.2,0.81,Urban,0,0.5156595378419024
2025-10-09 14:00,Colombo_01,1.71,56.17,0.64,31.3,7.0,0.5,0.71,Urban,0,0.5200769703199961
2025-10-09 15:00,Colombo_01,6.54,51.01,0.58,29.8,8.2,3.6,0.74,Urban,1,0.522012018530069
2025-10-09 16:00,Colombo_01,7.07,64.53,0.55,31.0,10.9,1.1,0.58,Urban,0,0.6104985708782105
2025-10-09 17:00,Colombo_01,4.18,64.87,0.65,25.6,5.7,1.0,0.61,Urban,0,0.5389145780323285
2025-10-09 18:00,Colombo_01,2.14,53.02,0.61,31.1,6.5,2.1,0.56,Urban,1,0.4862121314652465
2025-10-09 19:00,Colombo_01,1.22,55.24,0.32,27.2,5.7,1.1,0.6,Urban,1,0.47393819260695014
2025-10-09 20:00,Colombo_01,1.81,75.78,0.41,26.2,13.1,2.9,0.59,Urban,0,0.4550159921376158
2025-10-09 21:00,Colombo_01,1.73,77.83,0.28,26.7,12.5,1.9,0.71,Urban,0,0.4771488005774312
2025-10-09 22:00,Colombo_01,3.42,54.12,0.28,27.9,12.5,2.2,0.73,Urban,1,0.49002324588550494
2025-10-09 23:00,Colombo_01,6.77,54.47,0.61,26.8,12.2,2.7,0.88,Urban,0,0.5405191263789771
2025-10-10 00:00,Colombo_01,3.62,44.43,0.72,27.2,11.7,1.0,0.58,Urban,0,0.5262677566089247
2025-10-10 01:00,Colombo_01,1.13,55.2,0.78,25.9,9.8,0.8,0.76,Urban,1,0.48396796965869204
2025-10-10 02:00,Colombo_01,5.47,59.19,0.58,27.1,11.4,4.4,0.83,Urban,1,0.47694293256706616
2025-10-10 03:00,Colombo_01,11.31,40.41,0.31,29.0,5.4,2.2,0.72,Urban,0,0.6277561654372091
2025-10-10 04:00,Colombo_01,3.59,63.83,0.26,28.1,11.2,2.1,0.6,Urban,1,0.5038562801071081
2025-10-10 05:00,Colombo_01,1.87,55.66,0.69,27.4,12.8,0.2,0.61,Urban,1,0.5212917287638794
2025-10-10 06:00,Colombo_01,1.37,79.17,0.55,30.2,10.0,2.5,0.52,Urban,0,0.47655984592846534
2025-10-10 07:00,Colombo_01,5.24,80.13,0.57,31.3,8.6,2.8,0.62,Urban,0,0.5444846711240757
2025-10-10 08:00,Colombo_01,9.32,89.63,0.67,30.3,7.8,2.8,0.8,Urban,1,0.6201355526212426
2025-10-10 09:00,Colombo_01,2.6,63.79,0.62,27.3,11.4,3.5,0.52,Urban,0,0.45548083902601627
2025-10-10 10:00,Colombo_01,2.14,55.12,0.7,30.2,11.9,0.9,0.59,Urban,1,0.5189182610576643
2025-10-10 11:00,Colombo_01,3.53,62.72,0.23,26.1,13.7,1.3,0.78,Urban,0,0.5125679784120704
2025-10-10 12:00,Colombo_01,5.78,55.97,0.65,25.9,8.4,4.1,0.81,Urban,0,0.48386857877354505
2025-10-10 13:00,Colombo_01,1.75,75.89,0.71,27.4,12.7,4.7,0.68,Urban,0,0.4179046805524757
2025-10-10 14:00,Colombo_01,3.95,68.15,0.37,30.7,10.6,0.7,0.78,Urban,1,0.5577206638460873
2025-10-10 15:00,Colombo_01,4.81,52.92,0.58,26.7,13.8,2.5,0.66,Urban,1,0.5111834763581571
2025-10-10 16:00,Colombo_01,5.07,68.41,0.39,25.4,10.3,1.1,0.56,Urban,0,0.552489913378109
2025-10-10 17:00,Colombo_01,1.26,38.5,0.77,25.9,10.2,0.3,0.66,Urban,0,0.4897943642775588
2025-10-10 18:00,Colombo_01,1.52,81.42,0.22,31.0,10.8,1.6,0.73,Urban,1,0.4970391636653292
2025-10-10 19:00,Colombo_01,3.56,50.26,0.55,29.4,12.5,0.7,0.88,Urban,1,0.5370300761685278
2025-10-10 20:00,Colombo_01,5.52,78.79,0.3,26.8,14.6,3.5,0.53,Urban,1,0.5132067607925852
2025-10-10 21:00,Colombo_01,12.57,52.91,0.63,28.9,5.7,2.7,0.7,Urban,1,0.6515916710055619
2025-10-10 22:00,Colombo_01,1.18,59.98,0.31,28.7,5.5,0.7,0.63,Urban,1,0.4913421985288052
2025-10-10 23:00,Colombo_01,4.03,54.64,0.34,29.6,14.4,0.0,0.7,Urban,0,0.566554700205916
2025-10-11 00:00,Colombo_01,3.33,65.1,0.5,26.6,10.3,4.0,0.51,Urban,0,0.45184148747827785
2025-10-11 01:00,Colombo_01,2.32,44.96,0.75,31.1,11.1,0.9,0.63,Urban,1,0.5190300595957685
2025-10-11 02:00,Colombo_01,7.34,33.86,0.33,27.2,9.8,3.0,0.83,Urban,1,0.5254725863471642
2025-10-11 03:00,Colombo_01,5.03,77.42,0.29,29.9,5.9,1.7,0.72,Urban,1,0.5525151517856256
2025-10-11 04:00,Colombo_01,5.13,81.23,0.66,25.1,12.7,2.9,0.68,Urban,1,0.5202173593116116
2025-10-11 05:00,Colombo_01,1.11,52.89,0.5,27.6,12.5,1.6,0.61,Urban,0,0.46635470801881357
2025-10-11 06:00,Colombo_01,2.5,48.51,0.75,27.5,8.1,0.4,0.62,Urban,1,0.5223092784986038
2025-10-11 07:00,Colombo_01,3.47,56.06,0.29,28.8,8.1,1.1,0.65,Urban,1,0.5227241345634118
2025-10-11 08:00,Colombo_01,3.79,45.18,0.59,25.5,13.4,0.9,0.83,Urban,1,0.5202842926276904
2025-10-11 09:00,Colombo_01,14.61,63.7,0.34,30.5,5.7,2.1,0.89,Urban,1,0.7020677270561672
2025-10-11 10:00,Colombo_01,2.62,54.17,0.29,26.5,13.8,3.3,0.68,Urban,1,0.4436659217840466
2025-10-11 11:00,Colombo_01,0.14,52.51,0.61,29.7,7.6,1.3,0.66,Urban,0,0.46231290961268606
2025-10-11 12:00,Colombo_01,3.5,51.45,0.56,30.6,10.9,0.1,0.84,Urban,0,0.5563084194903345
2025-10-11 13:00,Colombo_01,4.82,57.6,0.65,28.9,14.4,2.6,0.67,Urban,1,0.5218456673463558
2025-10-11 14:00,Colombo_01,3.47,54.35,0.39,30.2,11.8,3.0,0.72,Urban,0,0.48157646521248293
2025-10-11 15:00,Colombo_01,0.05,57.92,0.47,29.6,9.1,4.8,0.59,Urban,1,0.3764162671462467
2025-10-11 16:00,Colombo_01,4.15,50.45,0.44,27.5,11.9,2.9,0.8,Urban,0,0.4838905386565205
2025-10-11 17:00,Colombo_01,4.93,73.4,0.79,30.7,8.4,2.4,0.71,Urban,0,0.5450949261243196
2025-10-11 18:00,Colombo_01,1.0,63.7,0.38,27.1,7.8,2.9,0.82,Urban,0,0.42851133781047174
2025-10-11 19:00,Colombo_01,1.85,58.02,0.38,29.0,15.0,4.6,0.81,Urban,0,0.4093435828518375
2025-10-11 20:00,Colombo_01,3.17,46.45,0.41,30.2,12.5,4.1,0.59,Urban,1,0.4458747764466032
2025-10-11 21:00,Colombo_01,2.08,72.33,0.54,27.7,11.4,1.6,0.79,Urban,0,0.49501218787509893
2025-10-11 22:00,Colombo_01,2.38,51.01,0.35,27.1,8.6,1.2,0.82,Urban,0,0.488697204737556
2025-10-11 23:00,Colombo_01,4.18,59.94,0.75,28.2,5.5,1.3,0.64,Urban,0,0.5394084630608076
2025-10-12 00:00,Colombo_01,1.96,51.48,0.36,30.7,5.3,2.5,0.57,Urban,0,0.464247558471459
2025-10-12 01:00,Colombo_01,0.73,68.15,0.74,31.5,10.5,3.7,0.5,Urban,0,0.43656189603796836
2025-10-12 02:00,Colombo_01,6.29,36.33,0.26,28.8,12.6,2.5,0.68,Urban,0,0.5285834190167608
2025-10-12 03:00,Colombo_01,1.3,51.25,0.59,29.6,10.4,0.3,0.64,Urban,0,0.5096897313809919
2025-10-12 04:00,Colombo_01,2.82,68.48,0.74,31.3,13.4,3.6,0.72,Urban,0,0.47559005107451063
2025-10-12 05:00,Colombo_01,2.19,49.28,0.3,25.7,5.3,4.0,0.58,Urban,0,0.4095541378174372
2025-10-12 06:00,Colombo_01,1.13,36.85,0.78,26.6,8.7,1.4,0.84,Urban,1,0.4575871947722952
2025-10-12 07:00,Colombo_01,6.16,50.46,0.47,30.0,7.4,3.3,0.6,Urban,1,0.5224412614741156
2025-10-12 08:00,Colombo_01,5.71,62.42,0.77,30.8,9.5,2.1,0.59,Urban,0,0.5624834541961065
2025-10-12 09:00,Colombo_01,2.42,44.59,0.61,31.0,5.7,4.4,0.69,Urban,1,0.4251720314483705
2025-10-12 10:00,Colombo_01,3.29,56.74,0.38,27.9,14.5,4.2,0.7,Urban,1,0.44232429830826475
2025-10-12 11:00,Colombo_01,3.62,56.77,0.31,25.6,7.2,2.6,0.59,Urban,1,0.47664379633111426
2025-10-12 12:00,Colombo_01,1.2,84.6,0.38,28.1,14.2,3.5,0.61,Urban,1,0.44109327040334595
2025-10-12 13:00,Colombo_01,1.37,48.22,0.26,26.6,9.3,4.4,0.57,Urban,1,0.3890412764506766
2025-10-12 14:00,Colombo_01,3.25,82.41,0.29,27.0,14.9,2.5,0.79,Urban,1,0.4948337323729908
2025-10-12 15:00,Colombo_01,1.1,48.29,0.26,30.4,10.5,1.6,0.81,Urban,0,0.4645985820949247
2025-10-12 16:00,Colombo_01,3.23,66.24,0.45,25.5,14.3,3.8,0.68,Urban,1,0.4500198983268327
2025-10-12 17:00,Colombo_01,0.22,54.77,0.68,30.8,5.1,1.1,0.79,Urban,1,0.4725324006089399
2025-10-12 18:00,Colombo_01,2.31,52.98,0.28,28.0,12.5,1.9,0.79,Urban,1,0.47545299657308265
2025-10-12 19:00,Colombo_01,4.12,41.97,0.28,29.2,14.0,4.3,0.56,Urban,1,0.4504961693455305
2025-10-12 20:00,Colombo_01,3.9,66.14,0.59,25.6,6.4,3.6,0.89,Urban,0,0.4631955727284354
2025-10-12 21:00,Colombo_01,7.24,72.91,0.32,27.4,6.0,2.0,0.83,Urban,0,0.572600505860254
2025-10-12 22:00,Colombo_01,1.2,65.64,0.26,25.6,9.2,1.1,0.58,Urban,0,0.47525198708965694
2025-10-12 23:00,Colombo_01,3.11,50.22,0.3,31.7,14.3,1.8,0.57,Urban,1,0.5101873522248886
2025-10-13 00:00,Colombo_01,6.32,54.13,0.75,30.7,10.4,1.4,0.55,Urban,1,0.5861183592958922
2025-10-13 01:00,Colombo_01,4.1,56.3,0.69,28.2,10.3,0.9,0.56,Urban,1,0.5482424233108296
2025-10-13 02:00,Colombo_01,5.85,67.42,0.41,26.6,6.4,3.7,0.8,Urban,0,0.4996628919945826
2025-10-13 03:00,Colombo_01,1.11,75.12,0.59,31.5,5.0,1.3,0.69,Urban,0,0.4998549265648985
2025-10-13 04:00,Colombo_01,3.5,55.35,0.52,27.4,13.1,2.3,0.81,Urban,0,0.4918607340622141
2025-10-13 05:00,Colombo_01,2.78,37.89,0.61,26.1,5.9,1.9,0.8,Urban,0,0.47028499425462794
2025-10-13 06:00,Colombo_01,3.57,37.79,0.61,28.9,11.3,4.9,0.74,Urban,1,0.42389846590903363
2025-10-13 07:00,Colombo_01,1.66,49.17,0.58,31.6,14.1,2.0,0.77,Urban,1,0.4792056861561365
2025-10-13 08:00,Colombo_01,7.94,72.23,0.36,25.0,7.1,0.4,0.51,Urban,0,0.6214496036121734
2025-10-13 09:00,Colombo_01,5.42,66.52,0.22,26.7,11.7,0.4,0.62,Urban,0,0.5764584406531751
2025-10-13 10:00,Colombo_01,7.31,68.27,0.47,31.6,5.8,3.0,0.76,Urban,0,0.5656606431281618
2025-10-13 11:00,Colombo_01,4.12,49.88,0.73,26.2,11.0,3.0,0.5,Urban,0,0.48574996713651486
2025-10-13 12:00,Colombo_01,1.82,53.17,0.54,25.8,6.6,2.1,0.51,Urban,1,0.45964234837114903
2025-10-13 13:00,Colombo_01,5.16,71.72,0.7,29.0,12.4,2.2,0.84,Urban,0,0.5451561689630502
2025-10-13 14:00,Colombo_01,7.99,83.34,0.79,31.0,8.0,0.3,0.77,Urban,0,0.6571389545938312
2025-10-13 15:00,Colombo_01,4.11,72.06,0.3,28.3,9.6,2.6,0.61,Urban,0,0.5068845582226883
2025-10-13 16:00,Colombo_01,1.47,72.07,0.62,32.0,11.0,2.5,0.78,Urban,1,0.4784384667842093
2025-10-13 17:00,Colombo_01,2.04,49.39,0.6,29.8,6.7,0.7,0.82,Urban,0,0.5083250752330646
2025-10-13 18:00,Colombo_01,3.43,67.62,0.79,25.5,12.4,0.5,0.62,Urban,0,0.545196899323894
2025-10-13 19:00,Colombo_01,8.68,43.16,0.79,31.9,8.0,0.6,0.51,Urban,1,0.6449950560838515
2025-10-13 20:00,Colombo_01,10.47,74.46,0.61,27.9,11.6,0.5,0.87,Urban,1,0.6754665851242042
2025-10-13 21:00,Colombo_01,1.58,63.44,0.35,27.0,6.6,3.0,0.64,Urban,1,0.4377882129797786
2025-10-13 22:00,Colombo_01,4.35,55.27,0.68,28.9,11.9,1.0,0.54,Urban,1,0.5533120237141862
2025-10-13 23:00,Colombo_01,2.02,35.1,0.26,27.1,6.3,1.3,0.7,Urban,1,0.46784640967421204
2025-10-14 00:00,Colombo_01,1.0,54.89,0.67,25.6,9.3,0.9,0.81,Urban,1,0.47432461142730675
2025-10-14 01:00,Colombo_01,5.06,58.7,0.75,25.0,7.5,4.8,0.59,Urban,0,0.4561009333190504
2025-10-14 02:00,Colombo_01,3.73,60.02,0.43,28.1,12.5,4.3,0.61,Urban,0,0.45225446000614744
2025-10-14 03:00,Colombo_01,3.91,55.45,0.58,30.9,7.6,1.2,0.6,Urban,0,0.5424489743754414
2025-10-14 04:00,Colombo_01,2.93,52.03,0.46,29.0,13.8,1.6,0.9,Urban,1,0.5005355984443479
2025-10-14 05:00,Colombo_01,4.18,48.16,0.46,32.0,13.9,1.0,0.58,Urban,0,0.5531567781619355
2025-10-14 06:00,Colombo_01,4.07,83.32,0.39,27.0,7.0,2.5,0.73,Urban,0,0.5096348315048036
2025-10-14 07:00,Colombo_01,6.0,88.95,0.66,27.0,11.1,0.1,0.87,Urban,0,0.6140948042491734
2025-10-14 08:00,Colombo_01,1.64,61.65,0.76,26.1,5.9,3.4,0.56,Urban,0,0.4335571213959394
2025-10-14 09:00,Colombo_01,6.19,49.01,0.76,26.1,8.9,2.6,0.89,Urban,0,0.5271240366733989
2025-10-14 10:00,Colombo_01,5.61,45.91,0.3,27.0,12.1,4.5,0.88,Urban,1,0.46183944302111396
2025-10-14 11:00,Colombo_01,4.25,55.36,0.72,30.5,11.6,0.8,0.85,Urban,1,0.5582847225701716
2025-10-14 12:00,Colombo_01,3.41,88.09,0.64,31.3,11.2,4.0,0.59,Urban,1,0.48819800490344517
2025-10-14 13:00,Colombo_01,3.1,62.32,0.35,31.8,7.8,4.0,0.75,Urban,0,0.45714817312186934
2025-10-14 14:00,Colombo_01,3.12,76.17,0.24,26.6,8.8,0.6,0.8,Urban,0,0.5305739281438369
2025-10-14 15:00,Colombo_01,3.41,75.83,0.36,31.2,6.0,2.0,0.89,Urban,0,0.5172637835848811
2025-10-14 16:00,Colombo_01,0.77,68.12,0.75,27.3,12.2,0.9,0.57,Urban,0,0.49214702832662816
2025-10-14 17:00,Colombo_01,13.5,45.12,0.58,25.8,10.0,1.3,0.81,Urban,0,0.6832814881719568
2025-10-14 18:00,Colombo_01,6.95,75.9,0.63,31.1,12.1,1.3,0.64,Urban,1,0.6122187622911957
2025-10-14 19:00,Colombo_01,10.54,43.93,0.35,29.5,7.5,2.8,0.57,Urban,1,0.6077544987068608
2025-10-14 20:00,Colombo_01,5.22,49.45,0.63,26.2,8.2,2.1,0.67,Urban,1,0.5227401518515519
2025-10-14 21:00,Colombo_01,1.97,62.9,0.22,28.0,8.3,4.7,0.82,Urban,0,0.40169566293469594
2025-10-14 22:00,Colombo_01,4.73,54.12,0.43,27.0,5.3,0.6,0.69,Urban,0,0.5515911950582794
2025-10-14 23:00,Colombo_01,5.96,62.76,0.58,30.2,8.4,4.9,0.72,Urban,1,0.48771680377187837
2025-10-15 00:00,Colombo_01,1.47,43.37,0.29,28.2,13.0,1.2,0.9,Urban,1,0.4706313158834861
2025-10-15 01:00,Colombo_01,7.89,49.48,0.69,31.9,14.0,3.9,0.66,Urban,1,0.5532351835103998
2025-10-15 02:00,Colombo_01,2.36,67.47,0.34,25.4,10.2,1.7,0.75,Urban,1,0.48170965074341665
2025-10-15 03:00,Colombo_01,5.56,103.98,0.59,27.5,9.6,0.7,0.65,Urban,0,0.6040926272473075
2025-10-15 04:00,Colombo_01,8.64,79.95,0.44,28.4,5.3,4.3,0.66,Urban,1,0.5540156430509328
2025-10-15 05:00,Colombo_01,4.1,40.29,0.56,28.5,13.8,1.5,0.78,Urban,1,0.5194709129654461
2025-10-15 06:00,Colombo_01,8.68,55.32,0.26,27.2,5.1,3.3,0.88,Urban,0,0.5521842284700679
2025-10-15 07:00,Colombo_01,0.82,51.14,0.21,30.1,14.4,2.8,0.72,Urban,1,0.4324205025305988
2025-10-15 08:00,Colombo_01,1.22,58.58,0.75,31.1,9.9,2.4,0.81,Urban,0,0.4656612177363275
2025-10-15 09:00,Colombo_01,1.64,62.73,0.36,31.6,8.4,2.5,0.54,Urban,0,0.4711298325373522
2025-10-15 10:00,Colombo_01,0.59,51.84,0.69,30.6,14.2,3.7,0.58,Urban,0,0.41985499325899084
2025-10-15 11:00,Colombo_01,8.69,73.55,0.8,31.0,5.2,0.4,0.7,Urban,1,0.6607739869550919
2025-10-15 12:00,Colombo_01,7.34,76.54,0.33,28.9,10.8,3.3,0.51,Urban,0,0.5576881382107289
2025-10-15 13:00,Colombo_01,2.06,75.53,0.36,30.8,10.5,4.5,0.6,Urban,0,0.4340592031699018
2025-10-15 14:00,Colombo_01,12.94,47.62,0.6,27.1,7.2,0.3,0.71,Urban,1,0.7019863078075557
2025-10-15 15:00,Colombo_01,2.63,63.45,0.78,27.8,9.3,0.7,0.51,Urban,0,0.5310520243973602
2025-10-15 16:00,Colombo_01,10.82,73.88,0.75,27.2,11.5,3.6,0.61,Urban,0,0.6130108130862701
2025-10-15 17:00,Colombo_01,10.96,70.59,0.5,28.3,12.3,2.2,0.71,Urban,1,0.644678451460067
2025-10-15 18:00,Colombo_01,1.97,69.48,0.68,27.0,5.0,2.0,0.73,Urban,1,0.47866517075190923
2025-10-15 19:00,Colombo_01,5.96,80.3,0.28,31.7,14.4,0.7,0.87,Urban,0,0.6047310982630707
2025-10-15 20:00,Colombo_01,7.12,53.09,0.79,27.2,6.6,2.5,0.76,Urban,0,0.5552835711169648
2025-10-15 21:00,Colombo_01,1.92,38.77,0.78,25.7,7.3,0.6,0.67,Urban,1,0.49249282332374145
2025-10-15 22:00,Colombo_01,0.08,55.15,0.3,28.7,7.6,2.4,0.87,Urban,1,0.4219898392332181
2025-10-15 23:00,Colombo_01,5.86,55.86,0.38,25.4,5.4,3.8,0.81,Urban,0,0.48387010618540244
2025-10-16 00:00,Colombo_01,1.6,99.93,0.26,25.8,6.2,1.3,0.58,Urban,1,0.49928002259654525
2025-10-16 01:00,Colombo_01,3.0,50.86,0.36,26.5,14.9,2.4,0.55,Urban,0,0.4754146674900183
2025-10-16 02:00,Colombo_01,3.85,76.14,0.69,28.3,8.2,5.0,0.77,Urban,1,0.4485436208481981
2025-10-16 03:00,Colombo_01,5.06,94.8,0.43,28.0,6.2,3.4,0.72,Urban,0,0.5172539010558306
2025-10-16 04:00,Colombo_01,2.51,89.3,0.25,30.6,6.1,4.2,0.82,Urban,1,0.45004277052734787
2025-10-16 05:00,Colombo_01,4.06,58.74,0.41,30.2,12.2,2.1,0.8,Urban,0,0.5177549308733742
2025-10-16 06:00,Colombo_01,7.48,70.84,0.79,28.0,13.5,3.8,0.75,Urban,1,0.5476246501793898
2025-10-16 07:00,Colombo_01,0.42,62.23,0.58,27.3,7.6,0.2,0.89,Urban,0,0.48840866074059636
2025-10-16 08:00,Colombo_01,0.86,48.96,0.45,27.2,5.2,0.6,0.71,Urban,0,0.4763935121075175
2025-10-16 09:00,Colombo_01,1.13,79.11,0.3,30.4,7.2,1.0,0.55,Urban,0,0.5037540894915256
2025-10-16 10:00,Colombo_01,2.15,67.33,0.79,25.4,5.6,2.0,0.83,Urban,1,0.4755469259549763
2025-10-16 11:00,Colombo_01,5.75,47.58,0.69,25.1,6.0,4.2,0.6,Urban,0,0.47514183952238537
2025-10-16 12:00,Colombo_01,6.78,54.16,0.37,30.6,9.3,1.7,0.81,Urban,0,0.5745324176600564
2025-10-16 13:00,Colombo_01,2.85,56.95,0.24,28.3,7.3,3.3,0.88,Urban,0,0.44887616406639486
2025-10-16 14:00,Colombo_01,2.86,76.82,0.23,25.9,10.2,3.5,0.78,Urban,0,0.45080238032781117
2025-10-16 15:00,Colombo_01,8.37,44.71,0.27,26.6,7.5,2.9,0.74,Urban,0,0.5510383329601509
2025-10-16 16:00,Colombo_01,3.89,33.79,0.55,31.5,14.4,1.8,0.68,Urban,0,0.5167657399200152
2025-10-16 17:00,Colombo_01,2.45,44.67,0.76,31.0,14.1,2.9,0.65,Urban,1,0.47160706156381865
2025-10-16 18:00,Colombo_01,6.24,61.95,0.5,30.0,10.7,1.7,0.64,Urban,1,0.5733644276411782
2025-10-16 19:00,Colombo_01,5.77,46.91,0.71,28.4,8.5,0.4,0.75,Urban,1,0.5827664798339486
2025-10-16 20:00,Colombo_01,4.46,56.62,0.47,28.6,8.8,5.0,0.8,Urban,1,0.4437573568582497
2025-10-16 21:00,Colombo_01,2.06,52.66,0.63,31.8,9.1,0.6,0.77,Urban,0,0.5236758521303297
2025-10-16 22:00,Colombo_01,1.39,35.57,0.64,31.8,12.3,0.4,0.58,Urban,0,0.509945164163791
2025-10-16 23:00,Colombo_01,1.52,50.34,0.3,26.5,9.5,4.4,0.7,Urban,0,0.3915883974680222
2025-10-17 00:00,Colombo_01,1.6,56.21,0.42,30.7,13.6,1.5,0.82,Urban,1,0.4876078049947962
2025-10-17 01:00,Colombo_01,1.47,72.72,0.58,26.4,14.4,3.3,0.69,Urban,0,0.4399644198679496
2025-10-17 02:00,Colombo_01,2.15,89.68,0.24,26.5,8.4,1.6,0.71,Urban,1,0.4966387558643084
2025-10-17 03:00,Colombo_01,3.3,49.23,0.42,29.7,10.6,2.0,0.81,Urban,1,0.49706245050976106
2025-10-17 04:00,Colombo_01,3.6,61.33,0.52,27.8,6.0,1.3,0.76,Urban,0,0.5215735877432707
2025-10-17 05:00,Colombo_01,1.18,66.06,0.8,31.5,7.0,1.7,0.66,Urban,0,0.4909412449192988
2025-10-17 06:00,Colombo_01,4.01,97.87,0.48,25.6,9.1,2.1,0.86,Urban,0,0.5237533337333767
2025-10-17 07:00,Colombo_01,3.56,52.08,0.69,28.6,7.1,3.6,0.57,Urban,0,0.4665378935997154
2025-10-17 08:00,Colombo_01,3.06,48.59,0.46,31.4,13.8,2.6,0.9,Urban,0,0.4844413168176372
2025-10-17 09:00,Colombo_01,2.0,54.32,0.68,31.3,6.6,4.7,0.55,Urban,1,0.4214117393248477
2025-10-17 10:00,Colombo_01,1.21,48.51,0.56,26.1,9.6,0.2,0.51,Urban,1,0.4964774755619032
2025-10-17 11:00,Colombo_01,5.02,68.46,0.73,27.6,11.1,2.5,0.86,Urban,1,0.5271349176172772
2025-10-17 12:00,Colombo_01,3.54,73.27,0.45,29.3,11.9,2.9,0.6,Urban,0,0.4976044800457904
2025-10-17 13:00,Colombo_01,4.31,62.46,0.56,26.1,8.8,4.6,0.79,Urban,0,0.4473873793851287
2025-10-17 14:00,Colombo_01,2.35,61.49,0.58,31.8,13.7,0.2,0.82,Urban,1,0.5456112806361817
2025-10-17 15:00,Colombo_01,2.12,79.5,0.45,31.4,10.7,2.9,0.84,Urban,0,0.47847182922079784
2025-10-17 16:00,Colombo_01,6.71,56.32,0.29,26.2,9.4,4.3,0.9,Urban,0,0.48934857263756215
2025-10-17 17:00,Colombo_01,2.63,70.35,0.26,25.8,5.7,1.2,0.62,Urban,1,0.5009225911517786
2025-10-17 18:00,Colombo_01,3.74,56.1,0.21,25.6,9.6,4.4,0.78,Urban,0,0.4293599892363221
2025-10-17 19:00,Colombo_01,3.12,44.99,0.72,31.4,13.2,0.1,0.55,Urban,0,0.5571273787934284
2025-10-17 20:00,Colombo_01,1.62,76.49,0.34,26.4,11.1,3.7,0.66,Urban,1,0.42905997938009877
2025-10-17 21:00,Colombo_01,2.3,63.32,0.33,27.9,13.3,4.7,0.84,Urban,0,0.4120488326178829
2025-10-17 22:00,Colombo_01,11.68,74.8,0.64,28.1,9.9,3.3,0.65,Urban,0,0.6355893809103287
2025-10-17 23:00,Colombo_01,1.81,64.96,0.39,29.2,6.2,2.2,0.74,Urban,1,0.47052251390582706
2025-10-18 00:00,Colombo_01,3.53,66.76,0.5,25.5,5.1,0.2,0.7,Urban,0,0.5430016563026115
2025-10-18 01:00,Colombo_01,1.93,48.83,0.3,26.6,8.0,4.6,0.76,Urban,0,0.39183254742236695
2025-10-18 02:00,Colombo_01,3.18,101.43,0.78,31.5,12.0,2.4,0.89,Urban,0,0.5324815934685906
2025-10-18 03:00,Colombo_01,1.82,66.36,0.71,31.4,12.9,0.1,0.52,Urban,1,0.5468874389051712
2025-10-18 04:00,Colombo_01,2.18,79.32,0.72,30.5,8.0,3.4,0.73,Urban,0,0.4692396309175477
2025-10-18 05:00,Colombo_01,0.82,57.9,0.44,25.1,10.0,2.4,0.85,Urban,0,0.4283665295131532
2025-10-18 06:00,Colombo_01,3.58,51.49,0.66,27.3,9.2,0.6,0.69,Urban,1,0.5363084574631068
2025-10-18 07:00,Colombo_01,2.49,70.96,0.29,29.4,9.1,1.1,0.53,Urban,1,0.5187892089069377
2025-10-18 08:00,Colombo_01,4.84,43.72,0.21,26.9,7.3,0.3,0.72,Urban,1,0.5501830663612509
2025-10-18 09:00,Colombo_01,3.18,81.77,0.21,31.4,6.4,2.9,0.63,Urban,0,0.4960186271444243
2025-10-18 10:00,Colombo_01,1.77,55.94,0.55,29.4,7.0,3.1,0.56,Urban,1,0.44849861199398167
2025-10-18 11:00,Colombo_01,1.4,70.41,0.47,25.5,5.6,2.5,0.84,Urban,1,0.44459889007598014
2025-10-18 12:00,Colombo_01,3.32,63.44,0.51,31.4,7.0,4.1,0.71,Urban,0,0.46142884537107287
2025-10-18 13:00,Colombo_01,7.99,76.58,0.2,31.7,5.1,4.3,0.87,Urban,0,0.5438195128572406
2025-10-18 14:00,Colombo_01,2.07,77.55,0.45,25.5,11.3,3.1,0.82,Urban,0,0.44954280805801883
2025-10-18 15:00,Colombo_01,0.49,61.88,0.63,28.7,8.2,0.1,0.78,Urban,1,0.5004704257056172
2025-10-18 16:00,Colombo_01,3.88,40.98,0.47,27.1,14.7,3.5,0.5,Urban,1,0.4628281683997601
2025-10-18 17:00,Colombo_01,7.44,85.42,0.64,27.7,6.9,2.1,0.67,Urban,1,0.5922242990401358
2025-10-18 18:00,Colombo_01,4.92,42.86,0.34,26.3,8.5,2.8,0.58,Urban,1,0.49103140531024336
2025-10-18 19:00,Colombo_01,1.07,65.98,0.69,29.0,8.6,3.2,0.86,Urban,0,0.436920422945568
2025-10-18 20:00,Colombo_01,3.65,79.66,0.55,31.7,5.1,1.8,0.57,Urban,0,0.5397435350618878
2025-10-18 21:00,Colombo_01,5.98,66.68,0.33,28.5,13.4,4.6,0.61,Urban,1,0.49113075287716174
2025-10-18 22:00,Colombo_01,2.35,51.46,0.34,25.6,5.3,0.7,0.71,Urban,1,0.49521866581434143
2025-10-18 23:00,Colombo_01,2.11,62.18,0.58,29.3,14.4,3.4,0.61,Urban,1,0.4547032760835639
2025-10-19 00:00,Colombo_01,2.17,52.38,0.7,27.4,13.9,0.0,0.58,Urban,0,0.5311209360234307
2025-10-19 01:00,Colombo_01,2.84,52.0,0.45,31.0,10.4,4.6,0.74,Urban,0,0.43115105120230224
2025-10-19 02:00,Colombo_01,1.14,62.89,0.35,28.0,10.4,0.6,0.54,Urban,0,0.4972678324680215
2025-10-19 03:00,Colombo_01,3.85,31.61,0.72,26.3,11.5,0.5,0.52,Urban,0,0.5323206546191563
2025-10-19 04:00,Colombo_01,4.0,56.41,0.6,26.3,8.9,1.7,0.65,Urban,1,0.5149802659638765
2025-10-19 05:00,Colombo_01,4.07,61.55,0.47,30.4,11.5,1.9,0.79,Urban,1,0.5266263329226147
2025-10-19 06:00,Colombo_01,3.22,60.7,0.49,26.9,5.4,1.1,0.72,Urban,0,0.5153843519439
2025-10-19 07:00,Colombo_01,1.11,49.76,0.32,30.4,5.5,2.9,0.67,Urban,0,0.4338327245302605
2025-10-19 08:00,Colombo_01,2.72,66.58,0.58,26.4,9.6,2.2,0.73,Urban,1,0.48392003978690407
2025-10-19 09:00,Colombo_01,10.44,59.92,0.42,27.3,10.5,0.2,0.65,Urban,1,0.6704408057907038
2025-10-19 10:00,Colombo_01,3.95,91.65,0.8,28.3,13.9,1.6,0.87,Urban,0,0.5503588717624625
2025-10-19 11:00,Colombo_01,1.66,67.3,0.49,31.6,6.0,4.1,0.52,Urban,0,0.43585889829051977
2025-10-19 12:00,Colombo_01,5.12,52.74,0.49,31.5,13.2,3.4,0.77,Urban,1,0.5083386803172909
2025-10-19 13:00,Colombo_01,10.52,70.61,0.54,26.4,7.1,3.6,0.86,Urban,1,0.5924133630825998
2025-10-19 14:00,Colombo_01,4.32,39.78,0.75,27.5,8.9,3.5,0.82,Urban,1,0.4693232148827853
2025-10-19 15:00,Colombo_01,2.92,60.61,0.68,26.0,8.2,1.6,0.57,Urban,1,0.5013650993673137
2025-10-19 16:00,Colombo_01,7.97,63.35,0.47,28.6,9.0,0.5,0.62,Urban,1,0.628396508009658
2025-10-19 17:00,Colombo_01,2.21,60.76,0.63,28.2,6.5,1.4,0.79,Urban,1,0.49608576677981847
2025-10-19 18:00,Colombo_01,6.61,49.11,0.55,31.3,10.0,4.2,0.53,Urban,1,0.5162610881750599
2025-10-19 19:00,Colombo_01,2.08,60.37,0.5,31.5,13.0,4.9,0.82,Urban,0,0.41805322532351574
2025-10-19 20:00,Colombo_01,2.38,45.39,0.32,27.7,9.4,2.5,0.79,Urban,1,0.4546730457698512
2025-10-19 21:00,Colombo_01,5.72,85.82,0.48,28.4,9.9,0.0,0.79,Urban,0,0.6117095699839307
2025-10-19 22:00,Colombo_01,7.75,60.48,0.35,31.3,13.5,0.7,0.54,Urban,1,0.6287639787373196
2025-10-19 23:00,Colombo_01,3.07,66.01,0.75,30.6,12.1,1.6,0.79,Urban,0,0.5251938752057527
2025-10-20 00:00,Colombo_01,7.6,42.33,0.4,25.0,9.9,2.9,0.77,Urban,0,0.5325186891582127
2025-10-20 01:00,Colombo_01,4.39,51.78,0.77,27.2,7.6,0.4,0.83,Urban,1,0.5554349890745406
2025-10-20 02:00,Colombo_01,1.68,67.65,0.52,28.0,13.8,4.7,0.52,Urban,0,0.41287258192963977
2025-10-20 03:00,Colombo_01,2.4,73.95,0.58,26.6,10.8,1.8,0.51,Urban,1,0.4978163581110548
2025-10-20 04:00,Colombo_01,4.88,47.85,0.53,26.4,7.2,4.6,0.65,Urban,1,0.45042287123649266
2025-10-20 05:00,Colombo_01,8.3,43.21,0.28,25.3,7.7,3.9,0.56,Urban,1,0.521742635660401
2025-10-20 06:00,Colombo_01,6.69,65.94,0.43,29.5,13.0,3.8,0.72,Urban,1,0.5281860724358709
2025-10-20 07:00,Colombo_01,6.76,54.49,0.26,26.8,5.4,3.0,0.87,Urban,0,0.522116032710069
2025-10-20 08:00,Colombo_01,0.96,40.92,0.57,25.4,14.9,3.1,0.66,Urban,0,0.41200454262162656
2025-10-20 09:00,Colombo_01,5.57,39.13,0.47,26.6,6.3,3.2,0.84,Urban,1,0.48911685738263583
2025-10-20 10:00,Colombo_01,5.37,51.4,0.67,30.6,13.0,3.1,0.5,Urban,1,0.524268093765404
2025-10-20 11:00,Colombo_01,4.09,74.53,0.33,31.0,8.9,2.8,0.57,Urban,0,0.5141851399798265
2025-10-20 12:00,Colombo_01,5.31,76.46,0.3,28.4,9.9,4.9,0.51,Urban,0,0.476049440984643
2025-10-20 13:00,Colombo_01,0.58,62.84,0.44,27.9,13.8,3.7,0.63,Urban,1,0.41072434232184035
2025-10-20 14:00,Colombo_01,0.23,61.15,0.76,31.8,9.1,3.9,0.86,Urban,0,0.4130656503458255
2025-10-20 15:00,Colombo_01,4.03,54.26,0.63,26.4,10.4,4.4,0.54,Urban,1,0.4492560768436219
2025-10-20 16:00,Colombo_01,3.17,34.21,0.45,26.5,5.5,1.1,0.74,Urban,0,0.49449274750833583
2025-10-20 17:00,Colombo_01,2.79,74.94,0.51,27.0,5.0,0.4,0.68,Urban,0,0.535572172421291
2025-10-20 18:00,Colombo_01,4.54,64.46,0.25,26.2,7.4,2.4,0.88,Urban,0,0.5005642008034359
2025-10-20 19:00,Colombo_01,3.87,48.65,0.79,27.7,11.8,2.6,0.55,Urban,1,0.49696610480466913
2025-10-20 20:00,Colombo_01,4.22,79.14,0.6,31.4,6.2,4.1,0.58,Urban,0,0.49207115572033183
2025-10-20 21:00,Colombo_01,6.19,44.78,0.37,29.3,6.1,2.2,0.51,Urban,0,0.543181416452695
2025-10-20 22:00,Colombo_01,2.15,75.55,0.55,27.9,9.1,2.9,0.67,Urban,1,0.4670988744353823
2025-10-20 23:00,Colombo_01,4.29,38.82,0.27,31.5,11.5,2.6,0.61,Urban,1,0.5010732312596126
2025-10-21 00:00,Colombo_01,1.93,100.22,0.78,25.3,12.1,0.2,0.85,Urban,1,0.5411630834620078
2025-10-21 01:00,Colombo_01,0.45,42.71,0.3,26.5,6.8,3.1,0.74,Urban,1,0.3971509411066636
2025-10-21 02:00,Colombo_01,2.63,76.52,0.59,29.0,5.8,4.1,0.75,Urban,0,0.44835387610552596
2025-10-21 03:00,Colombo_01,6.85,51.08,0.35,29.3,14.4,0.8,0.71,Urban,1,0.5950813845975411
2025-10-21 04:00,Colombo_01,1.56,67.56,0.63,25.3,7.6,3.0,0.54,Urban,1,0.4414834861621842
2025-10-21 05:00,Colombo_01,4.57,85.97,0.67,27.8,13.5,3.0,0.68,Urban,1,0.5211400926231565
2025-10-21 06:00,Colombo_01,6.24,55.58,0.6,29.5,13.6,0.8,0.9,Urban,1,0.5891794260489682
2025-10-21 07:00,Colombo_01,5.61,97.81,0.57,29.9,12.7,0.6,0.83,Urban,1,0.6107059142433514
2025-10-21 08:00,Colombo_01,1.92,86.5,0.74,29.5,6.7,4.9,0.86,Urban,1,0.42527756888660256
2025-10-21 09:00,Colombo_01,1.77,41.48,0.25,27.2,13.2,2.0,0.83,Urban,1,0.45143090562154153
2025-10-21 10:00,Colombo_01,3.43,58.98,0.4,25.7,12.7,1.1,0.54,Urban,0,0.5185962937692146
2025-10-21 11:00,Colombo_01,4.07,56.02,0.35,28.0,11.0,0.9,0.59,Urban,1,0.5397113793309142
2025-10-21 12:00,Colombo_01,5.28,59.86,0.79,25.9,8.4,3.3,0.5,Urban,0,0.5051798335119171
2025-10-21 13:00,Colombo_01,5.32,54.34,0.43,31.6,7.6,3.0,0.62,Urban,1,0.5218504373775554
2025-10-21 14:00,Colombo_01,16.2,47.92,0.64,28.3,6.2,3.2,0.54,Urban,1,0.6981227432166168
2025-10-21 15:00,Colombo_01,8.77,58.18,0.61,27.2,10.1,0.4,0.69,Urban,1,0.6388247709185224
2025-10-21 16:00,Colombo_01,2.5,67.05,0.33,30.4,10.9,4.5,0.77,Urban,0,0.43217257500923767
2025-10-21 17:00,Colombo_01,12.26,31.5,0.34,28.5,8.6,1.9,0.85,Urban,0,0.6444334947908764
2025-10-21 18:00,Colombo_01,1.21,72.35,0.37,27.2,9.8,1.6,0.8,Urban,1,0.4722721254006116
2025-10-21 19:00,Colombo_01,1.34,61.49,0.45,30.7,8.6,2.3,0.88,Urban,0,0.46287799183421724
2025-10-21 20:00,Colombo_01,5.79,82.26,0.34,31.1,11.4,2.0,0.52,Urban,0,0.5737572275791402
2025-10-21 21:00,Colombo_01,2.71,53.35,0.21,29.7,14.0,4.3,0.5,Urban,0,0.4330834660074987
2025-10-21 22:00,Colombo_01,8.8,51.71,0.73,25.3,6.6,4.6,0.76,Urban,1,0.524367859033582
2025-10-21 23:00,Colombo_01,5.17,49.1,0.78,29.0,8.8,1.5,0.62,Urban,1,0.5515015768725307
2025-10-22 00:00,Colombo_01,3.07,66.23,0.4,30.3,6.4,4.3,0.6,Urban,1,0.4485739863218199
2025-10-22 01:00,Colombo_01,2.88,37.8,0.4,26.0,11.2,3.9,0.63,Urban,1,0.42273745108438976
2025-10-22 02:00,Colombo_01,2.8,49.87,0.2,26.6,12.3,4.7,0.61,Urban,0,0.4083111172519534
2025-10-22 03:00,Colombo_01,0.34,61.7,0.61,31.2,14.3,1.2,0.7,Urban,0,0.4832262237749796
2025-10-22 04:00,Colombo_01,1.52,41.32,0.7,25.1,7.8,2.9,0.68,Urban,0,0.4249330268076063
2025-10-22 05:00,Colombo_01,1.89,60.26,0.29,30.3,14.5,1.4,0.7,Urban,0,0.4964707020523522
2025-10-22 06:00,Colombo_01,6.99,78.63,0.3,28.3,5.6,4.1,0.77,Urban,1,0.5225265662570673
2025-10-22 07:00,Colombo_01,2.05,76.17,0.67,28.1,11.0,0.0,0.65,Urban,0,0.5437369346556823
2025-10-22 08:00,Colombo_01,4.41,57.58,0.57,25.0,5.6,2.8,0.6,Urban,1,0.4889815712733222
2025-10-22 09:00,Colombo_01,2.89,73.32,0.23,30.7,13.9,1.7,0.57,Urban,1,0.5182554138782968
2025-10-22 10:00,Colombo_01,1.53,65.61,0.57,27.5,10.3,1.6,0.64,Urban,1,0.4819405411966814
2025-10-22 11:00,Colombo_01,4.08,61.69,0.39,28.8,11.7,3.2,0.8,Urban,0,0.4861145012547497
2025-10-22 12:00,Colombo_01,3.29,68.07,0.42,29.7,13.3,4.3,0.8,Urban,1,0.4525057362561788
2025-10-22 13:00,Colombo_01,6.96,54.29,0.66,29.9,6.5,3.0,0.77,Urban,0,0.5478108854803502
2025-10-22 14:00,Colombo_01,2.41,55.4,0.69,31.7,5.4,4.3,0.59,Urban,0,0.4400737899705172
2025-10-22 15:00,Colombo_01,1.92,65.2,0.44,28.7,13.8,1.3,0.74,Urban,1,0.49879380250688077
2025-10-22 16:00,Colombo_01,5.97,59.0,0.77,27.8,8.1,2.6,0.73,Urban,0,0.538281298460927
2025-10-22 17:00,Colombo_01,2.89,75.67,0.44,31.7,6.3,2.3,0.69,Urban,0,0.5066668544515577
2025-10-22 18:00,Colombo_01,6.32,70.17,0.66,29.5,9.7,0.1,0.72,Urban,1,0.6187105065172863
2025-10-22 19:00,Colombo_01,2.12,70.08,0.49,27.1,11.0,2.8,0.7,Urban,1,0.46178585757127444
2025-10-22 20:00,Colombo_01,3.72,66.76,0.74,25.9,5.3,3.3,0.73,Urban,1,0.47399253763726723
2025-10-22 21:00,Colombo_01,1.98,61.53,0.74,30.9,7.7,3.0,0.79,Urban,1,0.4648217192112267
2025-10-22 22:00,Colombo_01,1.61,69.7,0.25,27.5,5.3,3.7,0.54,Urban,1,0.4256437334193038
2025-10-22 23:00,Colombo_01,0.26,74.17,0.76,29.6,9.2,2.9,0.8,Urban,0,0.4396281880332853
2025-10-23 00:00,Colombo_01,9.01,64.23,0.7,28.3,14.0,0.3,0.55,Urban,1,0.6583187318924962
2025-10-23 01:00,Colombo_01,2.22,48.73,0.67,26.4,14.8,0.6,0.53,Urban,0,0.5113263263924778
2025-10-23 02:00,Colombo_01,4.84,59.3,0.32,29.2,11.4,3.0,0.89,Urban,0,0.502408511342703
2025-10-23 03:00,Colombo_01,2.92,41.62,0.68,25.4,6.6,1.4,0.88,Urban,0,0.48590891122300833
2025-10-23 04:00,Colombo_01,7.39,77.88,0.71,27.9,14.1,0.4,0.52,Urban,1,0.6356072155076976
2025-10-23 05:00,Colombo_01,0.56,69.76,0.37,28.8,10.2,2.1,0.68,Urban,1,0.4539602363275405
2025-10-23 06:00,Colombo_01,3.9,48.59,0.77,28.1,6.5,2.8,0.57,Urban,1,0.49035495028607184
2025-10-23 07:00,Colombo_01,5.7,50.91,0.23,30.2,14.2,1.6,0.69,Urban,1,0.5551149201117834
2025-10-23 08:00,Colombo_01,3.49,78.71,0.29,30.8,12.6,3.6,0.83,Urban,1,0.48154765927019827
2025-10-23 09:00,Colombo_01,1.76,50.26,0.52,30.4,12.3,3.2,0.88,Urban,0,0.4430146740592254
2025-10-23 10:00,Colombo_01,0.59,41.12,0.55,25.3,12.1,1.7,0.75,Urban,0,0.4364411138718103
2025-10-23 11:00,Colombo_01,1.93,44.91,0.59,26.4,7.0,3.8,0.64,Urban,0,0.41527136113612595
2025-10-23 12:00,Colombo_01,0.4,55.2,0.21,28.8,7.1,3.2,0.74,Urban,1,0.40845857915078515
2025-10-23 13:00,Colombo_01,5.61,53.16,0.78,31.5,11.9,3.2,0.62,Urban,1,0.5305434148462459
2025-10-23 14:00,Colombo_01,4.7,54.12,0.23,30.8,7.2,2.8,0.86,Urban,1,0.5039267754762785
2025-10-23 15:00,Colombo_01,6.03,69.07,0.29,30.9,9.4,0.1,0.85,Urban,1,0.6085638216079595
2025-10-23 16:00,Colombo_01,1.44,51.8,0.21,27.1,12.8,3.5,0.72,Urban,0,0.41488444806772307
2025-10-23 17:00,Colombo_01,1.23,64.81,0.54,28.0,12.8,1.9,0.63,Urban,0,0.4709578497634827
2025-10-23 18:00,Colombo_01,4.89,45.16,0.76,28.3,9.5,4.7,0.62,Urban,0,0.45989328101294225
2025-10-23 19:00,Colombo_01,4.76,76.92,0.6,26.1,12.9,4.1,0.51,Urban,0,0.4853494978654812
2025-10-23 20:00,Colombo_01,0.5,46.15,0.69,25.2,13.4,2.9,0.83,Urban,0,0.41009509018849477
2025-10-23 21:00,Colombo_01,1.84,59.39,0.21,31.6,11.5,1.3,0.68,Urban,1,0.4995115597762111
2025-10-23 22:00,Colombo_01,9.33,57.3,0.53,26.7,7.3,1.0,0.63,Urban,1,0.630129143253519
2025-10-23 23:00,Colombo_01,5.78,63.65,0.48,26.7,7.7,1.7,0.69,Urban,0,0.5508127380910441
2025-10-24 00:00,Colombo_01,2.72,70.55,0.5,25.6,8.1,2.4,0.83,Urban,1,0.47436124879795605
2025-10-24 01:00,Colombo_01,1.08,53.51,0.24,31.5,6.2,1.5,0.55,Urban,0,0.4757729416892491
2025-10-24 02:00,Colombo_01,1.41,70.98,0.61,29.1,7.7,2.6,0.84,Urban,1,0.46016316916034766
2025-10-24 03:00,Colombo_01,2.34,75.68,0.5,29.7,7.1,0.8,0.86,Urban,0,0.5257609441301784
2025-10-24 04:00,Colombo_01,0.85,56.33,0.66,31.4,9.6,4.9,0.88,Urban,0,0.3933044254614916
2025-10-24 05:00,Colombo_01,7.55,86.45,0.49,27.4,14.1,0.5,0.66,Urban,0,0.6332108099959466
2025-10-24 06:00,Colombo_01,7.1,63.62,0.29,29.4,6.0,4.7,0.59,Urban,0,0.5066080026462908
2025-10-24 07:00,Colombo_01,1.12,54.67,0.59,25.3,12.2,4.6,0.65,Urban,0,0.38576331404575637
2025-10-24 08:00,Colombo_01,10.99,60.22,0.3,26.3,11.9,2.6,0.63,Urban,0,0.6195364261938962
2025-10-24 09:00,Colombo_01,2.28,86.45,0.72,30.8,6.0,3.6,0.57,Urban,0,0.47332523334864024
2025-10-24 10:00,Colombo_01,3.35,64.18,0.57,30.4,14.2,2.2,0.74,Urban,0,0.5115034558762231
2025-10-24 11:00,Colombo_01,2.25,64.17,0.29,27.5,10.7,3.2,0.69,Urban,0,0.44772380163219977
2025-10-24 12:00,Colombo_01,1.23,65.52,0.78,27.6,8.6,1.7,0.85,Urban,1,0.47412666415421195
2025-10-24 13:00,Colombo_01,2.48,72.37,0.51,28.7,12.6,1.5,0.51,Urban,1,0.5134198208430539
2025-10-24 14:00,Colombo_01,0.51,63.94,0.24,25.0,7.6,2.9,0.76,Urban,1,0.40994381745916614
2025-10-24 15:00,Colombo_01,2.5,67.47,0.58,26.7,11.9,2.5,0.81,Urban,1,0.47384894350613127
2025-10-24 16:00,Colombo_01,3.1,59.97,0.35,26.5,5.4,2.9,0.8,Urban,1,0.461302248877923
2025-10-24 17:00,Colombo_01,3.96,61.53,0.68,26.8,13.4,1.4,0.85,Urban,0,0.5279336650848593
2025-10-24 18:00,Colombo_01,0.73,73.28,0.69,30.6,9.5,1.8,0.79,Urban,1,0.47824970504540787
2025-10-24 19:00,Colombo_01,0.78,49.82,0.79,27.0,11.4,0.4,0.87,Urban,0,0.4875056681201252
2025-10-24 20:00,Colombo_01,3.83,59.32,0.5,26.3,7.2,0.3,0.63,Urban,1,0.5464944003029224
2025-10-24 21:00,Colombo_01,1.12,55.55,0.47,28.5,11.8,1.3,0.7,Urban,1,0.4768624809952668
2025-10-24 22:00,Colombo_01,2.8,42.6,0.65,31.1,12.7,0.4,0.51,Urban,1,0.5398763536766548
2025-10-24 23:00,Colombo_01,7.61,43.85,0.28,26.7,9.7,0.5,0.5,Urban,1,0.6015344627990925
2025-10-25 00:00,Colombo_01,1.02,59.2,0.53,25.5,11.2,4.1,0.6,Urban,0,0.39871714093203936
2025-10-25 01:00,Colombo_01,1.56,74.07,0.53,27.5,9.6,0.2,0.54,Urban,1,0.5240073218012596
2025-10-25 02:00,Colombo_01,6.48,61.9,0.25,30.2,13.9,3.3,0.6,Urban,1,0.5356365260363805
2025-10-25 03:00,Colombo_01,0.49,51.84,0.45,28.9,10.0,1.4,0.57,Urban,1,0.4623200656298418
2025-10-25 04:00,Colombo_01,2.83,79.64,0.71,30.7,13.4,4.4,0.51,Urban,1,0.46326835673947875
2025-10-25 05:00,Colombo_01,4.15,54.06,0.71,31.7,13.0,2.4,0.86,Urban,1,0.5200880052437153
2025-10-25 06:00,Colombo_01,6.24,46.72,0.26,30.5,9.1,1.5,0.5,Urban,1,0.5669594287293139
2025-10-25 07:00,Colombo_01,2.31,86.8,0.25,29.2,7.3,2.6,0.79,Urban,1,0.48095336609560074
2025-10-25 08:00,Colombo_01,1.01,60.13,0.36,28.5,9.1,1.9,0.56,Urban,1,0.4611396018921497
2025-10-25 09:00,Colombo_01,3.99,83.81,0.72,25.3,13.3,2.8,0.86,Urban,0,0.5024391983506277
2025-10-25 10:00,Colombo_01,4.07,58.96,0.28,31.9,7.3,0.6,0.86,Urban,1,0.556182967583765
2025-10-25 11:00,Colombo_01,10.31,59.28,0.63,27.7,10.2,5.0,0.76,Urban,1,0.5563502785823771
2025-10-25 12:00,Colombo_01,2.48,42.17,0.26,26.1,13.1,2.1,0.77,Urban,0,0.45956687984054784
2025-10-25 13:00,Colombo_01,4.11,53.73,0.57,29.7,8.5,1.7,0.5,Urban,1,0.529762996412091
2025-10-25 14:00,Colombo_01,3.02,65.6,0.41,27.0,11.4,3.6,0.89,Urban,0,0.45068526212430615
2025-10-25 15:00,Colombo_01,1.13,68.51,0.67,29.1,7.5,1.8,0.85,Urban,0,0.4745129751189935
2025-10-25 16:00,Colombo_01,4.04,61.01,0.34,29.1,6.1,4.2,0.86,Urban,0,0.4557597698899852
2025-10-25 17:00,Colombo_01,6.83,55.25,0.58,28.1,12.9,2.3,0.76,Urban,1,0.5587663242277222
2025-10-25 18:00,Colombo_01,5.27,59.45,0.34,30.9,6.0,3.6,0.64,Urban,0,0.5033309391057148
2025-10-25 19:00,Colombo_01,1.79,46.2,0.63,26.9,7.7,0.5,0.86,Urban,1,0.49610335431131636
2025-10-25 20:00,Colombo_01,2.68,80.56,0.72,28.1,13.6,4.2,0.62,Urban,1,0.4548542746954549
2025-10-25 21:00,Colombo_01,7.46,70.41,0.28,28.8,8.5,3.7,0.73,Urban,1,0.5397718491354145
2025-10-25 22:00,Colombo_01,2.54,57.59,0.72,29.6,14.7,1.1,0.54,Urban,0,0.5234041227258551
2025-10-25 23:00,Colombo_01,7.34,53.17,0.56,30.5,14.8,0.7,0.87,Urban,1,0.6138764436624837
2025-10-26 00:00,Colombo_01,2.83,88.14,0.28,27.8,7.7,1.6,0.56,Urban,1,0.5162117142929518
2025-10-26 01:00,Colombo_01,3.0,51.31,0.46,29.5,5.4,4.9,0.59,Urban,0,0.42054832049314933
2025-10-26 02:00,Colombo_01,6.65,56.22,0.3,26.1,12.1,1.3,0.72,Urban,1,0.5681344794684513
2025-10-26 03:00,Colombo_01,11.37,81.36,0.62,31.5,9.5,2.3,0.81,Urban,1,0.6661296058135029
2025-10-26 04:00,Colombo_01,2.75,62.37,0.66,27.7,6.0,0.2,0.75,Urban,0,0.5368219739970049
2025-10-26 05:00,Colombo_01,2.38,39.91,0.26,30.1,12.1,2.0,0.59,Urban,1,0.4762313013636346
2025-10-26 06:00,Colombo_01,1.75,62.92,0.5,25.1,5.3,2.9,0.5,Urban,0,0.44055122087647686
2025-10-26 07:00,Colombo_01,1.52,51.83,0.69,26.4,13.7,4.8,0.8,Urban,1,0.39072239512711093
2025-10-26 08:00,Colombo_01,1.86,42.04,0.76,28.4,6.4,2.6,0.89,Urban,1,0.4486972615919368
2025-10-26 09:00,Colombo_01,2.13,52.38,0.51,31.1,6.3,4.1,0.82,Urban,0,0.42892422130629604
2025-10-26 10:00,Colombo_01,6.07,45.95,0.77,28.7,6.8,2.7,0.68,Urban,0,0.5326295832003735
2025-10-26 11:00,Colombo_01,4.85,49.1,0.52,31.5,14.6,0.2,0.86,Urban,1,0.5814026020592735
2025-10-26 12:00,Colombo_01,5.54,62.19,0.44,28.4,11.9,1.6,0.66,Urban,1,0.5561952566056801
2025-10-26 13:00,Colombo_01,5.48,43.06,0.71,28.4,13.0,2.9,0.71,Urban,1,0.5150667317946448
2025-10-26 14:00,Colombo_01,7.41,72.11,0.5,25.8,9.0,4.8,0.69,Urban,0,0.5060937779938703
2025-10-26 15:00,Colombo_01,1.72,55.08,0.48,30.6,8.4,4.3,0.68,Urban,0,0.41898363878551603
2025-10-26 16:00,Colombo_01,3.91,49.9,0.49,26.7,7.3,1.1,0.81,Urban,0,0.5201056329348938
2025-10-26 17:00,Colombo_01,0.64,54.95,0.71,31.3,9.8,1.1,0.71,Urban,0,0.48684909654538766
2025-10-26 18:00,Colombo_01,0.65,46.03,0.7,31.4,10.5,1.0,0.63,Urban,1,0.4855712104295768
2025-10-26 19:00,Colombo_01,3.62,46.01,0.44,31.6,11.3,4.6,0.6,Urban,1,0.44647293728785087
2025-10-26 20:00,Colombo_01,3.0,54.03,0.4,28.6,7.6,4.3,0.52,Urban,0,0.4349199249409737
2025-10-26 21:00,Colombo_01,3.41,62.92,0.5,29.7,14.5,3.9,0.73,Urban,0,0.4648812467796208
2025-10-26 22:00,Colombo_01,5.16,65.69,0.54,30.4,6.7,2.0,0.59,Urban,1,0.5492384007236285
2025-10-26 23:00,Colombo_01,8.68,52.99,0.34,25.9,14.7,2.5,0.56,Urban,1,0.577532337111831
2025-10-27 00:00,Colombo_01,3.34,56.34,0.68,29.2,5.1,2.3,0.76,Urban,1,0.49613686465190016
2025-10-27 01:00,Colombo_01,2.93,61.98,0.49,25.2,9.8,1.3,0.77,Urban,1,0.5007839725086485
2025-10-27 02:00,Colombo_01,1.82,82.45,0.4,28.5,8.3,2.5,0.8,Urban,1,0.47224246616226434
2025-10-27 03:00,Colombo_01,6.13,59.92,0.26,26.1,9.5,0.2,0.7,Urban,1,0.5863865163983009
2025-10-27 04:00,Colombo_01,1.96,50.9,0.34,26.3,10.7,0.7,0.86,Urban,1,0.49066878328319585
2025-10-27 05:00,Colombo_01,2.66,47.92,0.77,27.6,9.4,4.4,0.87,Urban,1,0.4214203076505893
2025-10-27 06:00,Colombo_01,5.25,72.3,0.38,28.0,9.1,3.8,0.82,Urban,1,0.4948614566926743
2025-10-27 07:00,Colombo_01,3.54,34.0,0.3,29.4,12.3,2.1,0.75,Urban,1,0.48733424796229147
2025-10-27 08:00,Colombo_01,3.39,52.44,0.48,25.5,11.9,2.6,0.62,Urban,1,0.4746381897294076
2025-10-27 09:00,Colombo_01,1.58,47.84,0.38,28.5,13.3,1.8,0.89,Urban,1,0.46371878361611263
2025-10-27 10:00,Colombo_01,4.28,70.15,0.22,26.3,7.5,3.7,0.61,Urban,1,0.4705356853506183
2025-10-27 11:00,Colombo_01,12.77,78.05,0.39,29.0,11.1,3.9,0.58,Urban,1,0.6424533343155522
2025-10-27 12:00,Colombo_01,0.99,56.11,0.53,29.5,10.9,3.8,0.68,Urban,0,0.41687576178733615
2025-10-27 13:00,Colombo_01,1.22,49.67,0.53,28.9,8.7,3.6,0.52,Urban,0,0.42105982376152845
2025-10-27 14:00,Colombo_01,5.79,57.23,0.41,30.2,9.9,1.0,0.89,Urban,1,0.5740580931590129
2025-10-27 15:00,Colombo_01,3.98,64.65,0.47,27.3,8.1,1.7,0.74,Urban,0,0.5192542225266913
2025-10-27 16:00,Colombo_01,8.27,66.73,0.78,30.4,6.4,2.3,0.72,Urban,1,0.6021976444232512
2025-10-27 17:00,Colombo_01,1.77,57.23,0.43,28.0,7.1,1.7,0.76,Urban,0,0.4738280489268147
2025-10-27 18:00,Colombo_01,6.2,78.28,0.35,28.4,6.1,3.8,0.7,Urban,1,0.5178628794004483
2025-10-27 19:00,Colombo_01,4.28,51.79,0.35,29.5,11.8,1.6,0.51,Urban,0,0.5305606208927832
2025-10-27 20:00,Colombo_01,1.44,54.08,0.47,25.1,11.6,0.7,0.74,Urban,1,0.48348653130968505
2025-10-27 21:00,Colombo_01,1.96,54.71,0.66,29.6,14.5,2.0,0.79,Urban,1,0.48240774650916474
2025-10-27 22:00,Colombo_01,3.37,62.79,0.32,29.3,12.3,4.9,0.67,Urban,1,0.43352792724270095
2025-10-27 23:00,Colombo_01,1.57,71.22,0.63,27.2,5.5,1.1,0.8,Urban,1,0.49402000562648907
2025-10-28 00:00,Colombo_01,7.17,43.89,0.21,25.6,13.8,3.1,0.59,Urban,1,0.5237493909463495
2025-10-28 01:00,Colombo_01,5.59,45.45,0.45,25.6,13.6,2.2,0.59,Urban,1,0.5227417451263646
2025-10-28 02:00,Colombo_01,2.23,63.05,0.67,31.5,9.4,0.4,0.56,Urban,0,0.5418888578161427
2025-10-28 03:00,Colombo_01,2.94,45.72,0.4,29.8,10.9,2.4,0.65,Urban,1,0.48052809235673477
2025-10-28 04:00,Colombo_01,6.42,55.38,0.54,25.9,14.8,3.5,0.84,Urban,0,0.5114598487836897
2025-10-28 05:00,Colombo_01,3.17,54.63,0.32,27.5,10.3,2.6,0.83,Urban,1,0.4720325196368449
2025-10-28 06:00,Colombo_01,11.51,76.18,0.65,29.1,14.1,4.4,0.65,Urban,1,0.6130852585265325
2025-10-28 07:00,Colombo_01,4.87,84.19,0.23,30.8,5.8,1.4,0.74,Urban,1,0.5632315793900724
2025-10-28 08:00,Colombo_01,1.64,52.75,0.71,25.3,6.9,0.4,0.79,Urban,0,0.49636533976728026
2025-10-28 09:00,Colombo_01,1.28,66.39,0.32,26.7,9.4,4.7,0.6,Urban,1,0.3926272855493601
2025-10-28 10:00,Colombo_01,6.88,54.74,0.72,31.2,10.8,1.9,0.57,Urban,1,0.5855424960912939
2025-10-28 11:00,Colombo_01,2.33,70.31,0.41,25.1,13.2,2.9,0.89,Urban,0,0.4523054417244093
2025-10-28 12:00,Colombo_01,3.71,45.43,0.63,26.4,14.9,4.0,0.75,Urban,0,0.4466958976383922
2025-10-28 13:00,Colombo_01,3.38,75.61,0.39,31.7,8.9,1.6,0.89,Urban,1,0.5307627379963199
2025-10-28 14:00,Colombo_01,0.86,51.32,0.74,29.3,5.5,3.6,0.64,Urban,0,0.4176520337342037
2025-10-28 15:00,Colombo_01,0.85,42.44,0.28,26.8,13.0,0.7,0.78,Urban,1,0.46747253548057494
2025-10-28 16:00,Colombo_01,7.65,52.15,0.31,25.5,11.0,1.5,0.59,Urban,1,0.5783942255356626
2025-10-28 17:00,Colombo_01,2.57,55.56,0.5,25.2,7.0,0.7,0.6,Urban,0,0.5064836629253112
2025-10-28 18:00,Colombo_01,2.47,45.98,0.25,26.7,9.9,4.1,0.7,Urban,0,0.4133171419346922
2025-10-28 19:00,Colombo_01,12.25,58.4,0.32,31.2,12.4,1.1,0.63,Urban,1,0.6915494465876518
2025-10-28 20:00,Colombo_01,6.52,68.26,0.77,27.9,12.7,3.6,0.57,Urban,1,0.5347088585220557
2025-10-28 21:00,Colombo_01,9.42,48.9,0.79,30.0,10.0,4.7,0.61,Urban,1,0.5547787804485708
2025-10-28 22:00,Colombo_01,7.83,82.04,0.43,31.4,8.1,2.6,0.51,Urban,1,0.5974077012115734
2025-10-28 23:00,Colombo_01,5.89,97.3,0.75,27.9,14.7,2.7,0.78,Urban,1,0.561781229572492
2025-10-29 00:00,Colombo_01,9.14,55.78,0.53,26.3,11.6,2.3,0.7,Urban,1,0.594109619454815
2025-10-29 01:00,Colombo_01,1.73,67.29,0.36,28.6,9.1,1.6,0.54,Urban,1,0.4876253649044275
2025-10-29 02:00,Colombo_01,1.54,64.22,0.62,31.4,7.8,2.4,0.57,Urban,1,0.47652865133185696
2025-10-29 03:00,Colombo_01,0.85,57.21,0.6,30.6,12.3,3.0,0.54,Urban,0,0.44337496096179296
2025-10-29 04:00,Colombo_01,0.55,55.86,0.79,25.5,7.4,4.9,0.75,Urban,1,0.369892943410059
2025-10-29 05:00,Colombo_01,3.65,39.46,0.36,29.8,6.7,4.7,0.54,Urban,1,0.4304617882254224
2025-10-29 06:00,Colombo_01,0.74,57.12,0.6,29.0,10.3,4.3,0.8,Urban,1,0.39808572537831877
2025-10-29 07:00,Colombo_01,1.18,70.1,0.23,31.4,7.9,4.4,0.51,Urban,0,0.41654696754661075
2025-10-29 08:00,Colombo_01,2.8,51.67,0.27,25.9,11.3,2.3,0.6,Urban,1,0.4678854748705276
2025-10-29 09:00,Colombo_01,0.11,28.22,0.2,28.7,6.2,3.3,0.86,Urban,0,0.38107891761227797
2025-10-29 10:00,Colombo_01,3.14,81.51,0.8,31.2,11.5,4.5,0.79,Urban,0,0.4660129428363423
2025-10-29 11:00,Colombo_01,3.37,64.46,0.68,27.9,7.8,2.0,0.53,Urban,1,0.5098350251135526
2025-10-29 12:00,Colombo_01,11.73,75.68,0.67,28.4,5.0,4.8,0.83,Urban,1,0.5974405748186599
2025-10-29 13:00,Colombo_01,3.92,56.13,0.51,25.5,6.3,2.1,0.7,Urban,0,0.49604323779560733
2025-10-29 14:00,Colombo_01,3.65,61.15,0.38,26.9,14.3,3.0,0.84,Urban,0,0.47609337139045793
2025-10-29 15:00,Colombo_01,9.14,66.93,0.29,27.3,13.7,3.5,0.74,Urban,0,0.5709222884432263
2025-10-29 16:00,Colombo_01,2.76,54.68,0.37,31.6,7.3,4.8,0.77,Urban,1,0.42494243717388314
2025-10-29 17:00,Colombo_01,3.85,74.78,0.43,27.0,12.8,1.2,0.9,Urban,0,0.5341014323365973
2025-10-29 18:00,Colombo_01,6.56,51.93,0.65,28.2,11.1,3.7,0.59,Urban,0,0.5197684071818599
2025-10-29 19:00,Colombo_01,1.76,88.76,0.52,29.7,14.7,2.6,0.75,Urban,1,0.4839427748018839
2025-10-29 20:00,Colombo_01,6.59,45.15,0.25,26.1,8.7,1.3,0.68,Urban,0,0.5577144674604084
2025-10-29 21:00,Colombo_01,0.92,65.73,0.21,28.4,11.8,3.9,0.52,Urban,0,0.41176323467159043
2025-10-29 22:00,Colombo_01,5.38,50.71,0.26,30.2,5.6,2.8,0.51,Urban,0,0.517567945542042
2025-10-29 23:00,Colombo_01,5.4,47.46,0.45,31.1,9.0,3.3,0.55,Urban,1,0.5116203441465255
2025-10-30 00:00,Colombo_01,2.41,48.0,0.76,29.4,14.6,1.6,0.76,Urban,0,0.4984686747905032
2025-10-30 01:00,Colombo_01,2.89,30.83,0.58,29.7,10.4,2.4,0.73,Urban,1,0.47162441642688496
2025-10-30 02:00,Colombo_01,9.78,46.51,0.68,25.9,7.9,3.1,0.72,Urban,0,0.5794595994440584
2025-10-30 03:00,Colombo_01,3.06,71.02,0.48,31.6,6.2,2.0,0.51,Urban,0,0.5177113283662959
2025-10-30 04:00,Colombo_01,4.92,69.59,0.42,25.9,12.0,1.0,0.69,Urban,0,0.554306478929433
2025-10-30 05:00,Colombo_01,3.47,44.57,0.27,30.4,11.4,4.8,0.87,Urban,0,0.42564599904473666
2025-10-30 06:00,Colombo_01,1.9,65.53,0.73,26.9,8.7,2.6,0.66,Urban,1,0.4633184733121728
2025-10-30 07:00,Colombo_01,2.02,49.92,0.67,31.5,14.5,3.7,0.75,Urban,0,0.44547187927309784
2025-10-30 08:00,Colombo_01,4.46,37.55,0.3,30.0,5.2,2.1,0.81,Urban,1,0.504476902883781
2025-10-30 09:00,Colombo_01,8.47,71.26,0.51,30.3,8.0,1.8,0.81,Urban,1,0.6145169864573573
2025-10-30 10:00,Colombo_01,0.98,73.45,0.49,26.5,14.2,2.0,0.71,Urban,1,0.46214923857405144
2025-10-30 11:00,Colombo_01,9.29,51.99,0.58,28.1,8.2,2.0,0.84,Urban,1,0.6054081770557173
2025-10-30 12:00,Colombo_01,5.27,75.89,0.77,29.3,7.5,2.7,0.66,Urban,0,0.5401197814894175
2025-10-30 13:00,Colombo_01,2.76,57.85,0.55,30.4,10.3,2.7,0.86,Urban,1,0.4791363442815356
2025-10-30 14:00,Colombo_01,4.26,60.3,0.52,25.7,13.2,2.5,0.6,Urban,0,0.501274918914524
2025-10-30 15:00,Colombo_01,5.2,57.1,0.23,31.7,6.0,0.7,0.61,Urban,0,0.5748781054456498
2025-10-30 16:00,Colombo_01,1.24,44.34,0.24,31.2,14.4,2.5,0.52,Urban,0,0.451238157530468
2025-10-30 17:00,Colombo_01,2.95,55.72,0.31,26.9,13.0,0.8,0.82,Urban,0,0.5134465913401943
2025-10-30 18:00,Colombo_01,3.34,44.79,0.22,30.8,6.8,0.6,0.67,Urban,0,0.5307304627180663
2025-10-30 19:00,Colombo_01,0.65,66.2,0.65,28.6,12.1,4.7,0.59,Urban,0,0.3960974753074181
2025-10-30 20:00,Colombo_01,6.01,67.79,0.63,28.2,8.8,3.0,0.59,Urban,1,0.5359006347003941
2025-10-30 21:00,Colombo_01,1.98,37.39,0.28,27.2,9.0,3.3,0.86,Urban,0,0.4181344786204938
2025-10-30 22:00,Colombo_01,2.08,67.18,0.7,29.1,12.8,2.0,0.83,Urban,1,0.4901932240392402
2025-10-30 23:00,Colombo_01,3.12,57.89,0.29,30.1,14.6,4.5,0.72,Urban,0,0.4385557763592404
2025-10-31 00:00,Colombo_01,4.63,39.26,0.38,27.9,6.3,3.2,0.75,Urban,1,0.47606738054214043
2025-10-31 01:00,Colombo_01,4.39,61.61,0.35,29.4,9.2,3.8,0.69,Urban,0,0.47853577644598694
2025-10-31 02:00,Colombo_01,3.46,54.25,0.42,29.9,9.8,1.8,0.66,Urban,1,0.5111769374946035
2025-10-31 03:00,Colombo_01,4.27,50.11,0.35,30.0,8.8,4.8,0.87,Urban,1,0.44275104269068133
2025-10-31 04:00,Colombo_01,1.8,44.98,0.49,25.4,8.6,4.1,0.55,Urban,1,0.4021448151428863
2025-10-31 05:00,Colombo_01,3.76,63.73,0.44,31.0,5.5,4.3,0.67,Urban,0,0.46169063076888645
2025-10-31 06:00,Colombo_01,4.96,60.03,0.79,28.2,11.9,0.9,0.64,Urban,1,0.5682194945180482
2025-10-31 07:00,Colombo_01,2.05,60.67,0.23,26.8,9.4,1.4,0.7,Urban,0,0.48248257615840523
2025-10-31 08:00,Colombo_01,3.4,75.13,0.29,26.7,6.9,1.4,0.68,Urban,1,0.5171707454009519
2025-10-31 09:00,Colombo_01,5.04,81.42,0.23,28.4,13.2,1.4,0.71,Urban,0,0.5599933807146154
2025-10-31 10:00,Colombo_01,3.12,35.64,0.58,31.2,13.0,4.3,0.56,Urban,0,0.44087964789307765
2025-10-31 11:00,Colombo_01,1.04,63.87,0.23,27.6,9.9,0.2,0.71,Urban,1,0.4992159705343433
2025-10-31 12:00,Colombo_01,8.38,52.33,0.7,30.2,8.0,0.4,0.6,Urban,1,0.6410371788119379
2025-10-31 13:00,Colombo_01,7.38,66.0,0.51,25.7,11.4,1.4,0.57,Urban,1,0.5899900172751504
2025-10-31 14:00,Colombo_01,3.32,49.45,0.52,28.3,7.9,1.0,0.53,Urban,0,0.5227547592932531
2025-10-31 15:00,Colombo_01,9.21,88.62,0.54,31.9,7.4,1.2,0.81,Urban,0,0.657914423179623
2025-10-31 16:00,Colombo_01,5.2,66.64,0.3,30.4,12.3,4.0,0.67,Urban,0,0.4967322009794843
2025-10-31 17:00,Colombo_01,2.83,56.45,0.32,26.5,5.4,2.8,0.75,Urban,1,0.4566750655941913
2025-10-31 18:00,Colombo_01,1.84,76.18,0.39,28.5,5.9,0.0,0.79,Urban,1,0.530654570443017
2025-10-31 19:00,Colombo_01,1.24,48.3,0.56,26.6,5.1,2.1,0.77,Urban,0,0.44416615334234705
2025-10-31 20:00,Colombo_01,2.95,67.3,0.33,27.9,6.5,2.0,0.69,Urban,1,0.4933421502808105
2025-10-31 21:00,Colombo_01,1.55,55.96,0.27,30.5,5.7,0.6,0.66,Urban,0,0.5038600145446632
2025-10-31 22:00,Colombo_01,1.67,57.6,0.78,30.4,15.0,3.4,0.65,Urban,1,0.4514252759021316
2025-10-31 23:00,Colombo_01,4.29,84.71,0.21,26.6,7.9,3.5,0.76,Urban,1,0.48405837174417077
2025-11-01 00:00,Colombo_01,0.93,96.87,0.68,31.5,6.5,3.6,0.7,Urban,0,0.45486911810138747
2025-11-01 01:00,Colombo_01,0.67,64.16,0.67,29.1,7.4,3.6,0.84,Urban,1,0.4180886134452548
2025-11-01 02:00,Colombo_01,3.6,49.45,0.38,27.7,14.4,0.0,0.85,Urban,0,0.5465221405133017
2025-11-01 03:00,Colombo_01,5.09,57.33,0.28,28.5,10.2,4.8,0.57,Urban,0,0.46115326965065084
2025-11-01 04:00,Colombo_01,4.5,49.99,0.29,29.2,8.6,4.1,0.55,Urban,1,0.4653428897464511
2025-11-01 05:00,Colombo_01,0.69,51.25,0.62,28.9,13.7,4.5,0.75,Urban,1,0.39119422511022445
2025-11-01 06:00,Colombo_01,1.82,60.59,0.59,28.4,8.9,0.1,0.62,Urban,1,0.5256061748859266
2025-11-01 07:00,Colombo_01,2.02,50.48,0.67,28.5,8.4,4.7,0.51,Urban,0,0.41035301424743437
2025-11-01 08:00,Colombo_01,0.74,76.09,0.76,26.2,7.1,4.0,0.86,Urban,0,0.40771891470388794
2025-11-01 09:00,Colombo_01,3.42,56.22,0.62,30.7,8.8,4.2,0.59,Urban,0,0.45854693628288273
2025-11-01 10:00,Colombo_01,3.92,58.19,0.29,28.8,8.2,0.5,0.87,Urban,1,0.5442631384650103
2025-11-01 11:00,Colombo_01,2.87,51.96,0.35,25.9,11.8,3.7,0.79,Urban,1,0.4330361646912017
2025-11-01 12:00,Colombo_01,0.73,44.04,0.71,30.4,7.9,4.8,0.81,Urban,0,0.38349058672616537
2025-11-01 13:00,Colombo_01,11.52,45.29,0.33,31.5,10.8,3.4,0.58,Urban,0,0.6199683864773259
2025-11-01 14:00,Colombo_01,1.66,61.94,0.24,31.6,5.7,2.9,0.59,Urban,0,0.4561877264035191
2025-11-01 15:00,Colombo_01,6.47,54.76,0.62,27.6,6.9,4.7,0.71,Urban,0,0.4874507390041371
2025-11-01 16:00,Colombo_01,8.47,62.81,0.44,25.9,9.1,2.2,0.57,Urban,0,0.5862844327433296
2025-11-01 17:00,Colombo_01,2.39,73.58,0.75,28.6,14.4,3.0,0.62,Urban,1,0.4781636529680293
2025-11-01 18:00,Colombo_01,4.5,49.83,0.59,25.8,8.8,2.4,0.63,Urban,1,0.5004529409911139
2025-11-01 19:00,Colombo_01,0.95,92.45,0.25,31.5,11.6,4.7,0.56,Urban,0,0.4210818122808412
2025-11-01 20:00,Colombo_01,2.47,47.09,0.77,26.3,7.6,0.4,0.58,Urban,1,0.5170449187745002
2025-11-01 21:00,Colombo_01,4.62,44.93,0.36,26.8,6.3,2.5,0.82,Urban,0,0.4916517021405499
2025-11-01 22:00,Colombo_01,3.36,71.4,0.4,27.8,5.6,3.4,0.57,Urban,0,0.4706897932003622
2025-11-01 23:00,Colombo_01,5.52,58.6,0.44,27.7,8.1,4.0,0.51,Urban,0,0.49041220555432713
2025-11-02 00:00,Colombo_01,2.24,49.33,0.23,30.6,6.6,2.9,0.75,Urban,1,0.4527833308660127
2025-11-02 01:00,Colombo_01,6.47,44.1,0.5,28.2,6.7,4.5,0.89,Urban,0,0.4823817986663586
2025-11-02 02:00,Colombo_01,1.43,47.35,0.27,26.2,12.6,4.7,0.63,Urban,0,0.38186669461483225
2025-11-02 03:00,Colombo_01,4.55,59.46,0.44,26.9,5.2,0.3,0.55,Urban,0,0.56121719647888
2025-11-02 04:00,Colombo_01,2.06,79.17,0.41,28.6,10.6,2.0,0.73,Urban,1,0.49023281680689584
2025-11-02 05:00,Colombo_01,0.62,39.83,0.66,26.0,8.8,0.1,0.86,Urban,1,0.47788339978081545
2025-11-02 06:00,Colombo_01,5.45,60.67,0.68,29.3,10.1,1.6,0.81,Urban,1,0.5584580807383994
2025-11-02 07:00,Colombo_01,1.78,68.96,0.29,29.0,10.6,2.7,0.75,Urban,1,0.4593108344148308
2025-11-02 08:00,Colombo_01,1.33,52.58,0.42,30.0,8.1,4.6,0.63,Urban,0,0.4001499432831567
2025-11-02 09:00,Colombo_01,7.57,80.09,0.42,31.6,8.0,4.2,0.72,Urban,1,0.5488127930773076
2025-11-02 10:00,Colombo_01,5.93,62.39,0.29,31.4,12.3,0.6,0.54,Urban,1,0.5984769618901644
2025-11-02 11:00,Colombo_01,1.27,70.43,0.68,31.6,13.7,0.5,0.77,Urban,1,0.525719101227794
2025-11-02 12:00,Colombo_01,1.1,69.75,0.62,26.7,6.9,2.9,0.79,Urban,0,0.43759604418253795
2025-11-02 13:00,Colombo_01,2.28,75.31,0.31,25.9,6.0,2.7,0.89,Urban,1,0.4568088938388823
2025-11-02 14:00,Colombo_01,1.18,56.85,0.42,27.1,14.0,1.3,0.6,Urban,1,0.4752800457496556
2025-11-02 15:00,Colombo_01,8.7,83.28,0.26,31.3,8.5,4.5,0.51,Urban,1,0.5635558099972738
2025-11-02 16:00,Colombo_01,0.57,57.77,0.58,31.8,10.5,4.6,0.72,Urban,1,0.39926051436333665
2025-11-02 17:00,Colombo_01,10.49,55.79,0.27,31.0,8.6,2.0,0.78,Urban,0,0.6345188064873142
2025-11-02 18:00,Colombo_01,4.42,55.22,0.79,25.8,6.3,4.5,0.82,Urban,1,0.4490023869066501
2025-11-02 19:00,Colombo_01,5.03,54.32,0.67,31.6,10.9,1.9,0.58,Urban,1,0.5515111374366701
2025-11-02 20:00,Colombo_01,3.61,54.29,0.43,28.0,10.3,3.7,0.6,Urban,0,0.4600336165253702
2025-11-02 21:00,Colombo_01,0.68,59.66,0.55,25.1,7.0,2.4,0.71,Urban,1,0.42975037878132194
2025-11-02 22:00,Colombo_01,5.83,60.06,0.75,28.1,9.5,0.6,0.63,Urban,1,0.5893627206790714
2025-11-02 23:00,Colombo_01,3.42,59.87,0.53,25.3,13.0,4.6,0.84,Urban,0,0.4270680344883248
2025-11-03 00:00,Colombo_01,1.42,56.3,0.3,28.8,10.9,2.3,0.69,Urban,0,0.4550129947052969
2025-11-03 01:00,Colombo_01,6.98,69.7,0.43,27.4,6.0,3.7,0.82,Urban,1,0.525313201862846
2025-11-03 02:00,Colombo_01,6.62,61.25,0.71,28.3,10.5,1.8,0.73,Urban,1,0.573806018011268
2025-11-03 03:00,Colombo_01,7.0,64.73,0.59,29.3,12.0,0.1,0.81,Urban,1,0.6251302349580742
2025-11-03 04:00,Colombo_01,6.33,47.69,0.59,31.1,12.9,0.5,0.63,Urban,0,0.6026447370276377
2025-11-03 05:00,Colombo_01,2.13,44.23,0.72,29.6,11.3,2.5,0.83,Urban,0,0.46496036874064595
2025-11-03 06:00,Colombo_01,4.93,68.07,0.74,28.0,6.5,3.4,0.61,Urban,0,0.5056026741208856
2025-11-03 07:00,Colombo_01,6.88,70.46,0.75,30.7,12.1,1.7,0.72,Urban,0,0.5975129369549949
2025-11-03 08:00,Colombo_01,6.39,46.89,0.26,31.3,11.8,3.5,0.59,Urban,0,0.5224968009571623
2025-11-03 09:00,Colombo_01,0.19,45.66,0.53,25.8,5.2,3.5,0.69,Urban,0,0.3865512767884304
2025-11-03 10:00,Colombo_01,3.14,76.64,0.64,28.7,9.1,3.5,0.63,Urban,1,0.4766909142565303
2025-11-03 11:00,Colombo_01,1.81,52.68,0.65,27.0,8.3,2.5,0.61,Urban,0,0.45513059617214324
2025-11-03 12:00,Colombo_01,8.63,50.45,0.56,25.3,11.7,4.6,0.89,Urban,0,0.5175166054154037
2025-11-03 13:00,Colombo_01,3.18,45.61,0.3,29.7,7.2,2.4,0.56,Urban,1,0.4819928653995778
2025-11-03 14:00,Colombo_01,4.65,45.72,0.68,31.0,10.9,2.3,0.81,Urban,0,0.5229682445580269
2025-11-03 15:00,Colombo_01,3.86,91.88,0.63,26.1,14.1,1.0,0.89,Urban,0,0.5519798958866563
2025-11-03 16:00,Colombo_01,8.03,57.09,0.25,30.7,13.0,1.5,0.51,Urban,0,0.6085660529446604
2025-11-03 17:00,Colombo_01,10.58,54.84,0.48,31.0,14.2,0.2,0.78,Urban,1,0.6831334919537634
2025-11-03 18:00,Colombo_01,3.44,44.89,0.3,31.4,14.8,3.2,0.6,Urban,0,0.4759899480715209
2025-11-03 19:00,Colombo_01,4.0,39.34,0.4,26.9,5.1,1.2,0.52,Urban,1,0.5147280871842801
2025-11-03 20:00,Colombo_01,8.35,84.37,0.21,31.3,11.2,1.5,0.66,Urban,0,0.6292934288136567
2025-11-03 21:00,Colombo_01,1.2,73.33,0.44,27.2,9.1,3.9,0.87,Urban,1,0.4150125621571166
2025-11-03 22:00,Colombo_01,1.34,60.83,0.53,28.9,13.6,1.6,0.5,Urban,1,0.4837480962146342
2025-11-03 23:00,Colombo_01,1.92,30.55,0.57,25.4,7.5,1.2,0.74,Urban,0,0.46544575502559005
2025-11-04 00:00,Colombo_01,5.75,55.33,0.6,25.3,14.8,0.8,0.7,Urban,0,0.5682146012463831
2025-11-04 01:00,Colombo_01,3.52,60.32,0.7,30.0,11.1,3.9,0.85,Urban,0,0.4667412119128397
2025-11-04 02:00,Colombo_01,1.94,59.89,0.33,28.1,12.9,0.6,0.53,Urban,0,0.5118246351186936
2025-11-04 03:00,Colombo_01,7.71,29.76,0.27,26.8,5.9,2.3,0.77,Urban,0,0.543568662500441
2025-11-04 04:00,Colombo_01,0.75,78.65,0.71,26.3,6.8,2.5,0.77,Urban,0,0.4474677233905132
2025-11-04 05:00,Colombo_01,1.86,64.04,0.29,29.7,12.6,3.4,0.77,Urban,0,0.44337011556619016
2025-11-04 06:00,Colombo_01,2.96,32.87,0.78,25.0,5.2,3.2,0.88,Urban,0,0.4353250034782882
2025-11-04 07:00,Colombo_01,10.55,52.41,0.71,30.6,13.2,4.1,0.83,Urban,1,0.5915926107765335
2025-11-04 08:00,Colombo_01,1.91,49.39,0.5,25.6,5.1,0.2,0.52,Urban,0,0.5045168367526911
2025-11-04 09:00,Colombo_01,4.93,58.54,0.79,26.3,11.6,1.5,0.69,Urban,1,0.5435613922153056
2025-11-04 10:00,Colombo_01,2.95,55.74,0.26,27.7,8.7,1.4,0.66,Urban,0,0.5004846127205693
2025-11-04 11:00,Colombo_01,1.11,63.34,0.38,28.4,11.1,0.7,0.62,Urban,0,0.49568671418397275
2025-11-04 12:00,Colombo_01,4.87,37.53,0.58,27.5,12.0,1.4,0.68,Urban,0,0.5319061864597878
2025-11-04 13:00,Colombo_01,2.63,60.51,0.41,27.2,8.4,1.5,0.65,Urban,1,0.4962253722608057
2025-11-04 14:00,Colombo_01,2.15,47.23,0.76,31.7,6.1,2.6,0.67,Urban,0,0.473307069251168
2025-11-04 15:00,Colombo_01,0.95,51.32,0.24,29.5,5.7,3.3,0.89,Urban,0,0.41367654192115383
